image, root, root_name, position, angle, posX, posY, root_order, root_ontology, date, growth
A1_R006.rsml, a6a8a248-6225-4655-9421-17a96841199b, N4.2, 1.5627742, 0.0, 11.6543665, 3.2215667, 0,  Root,  18, 0.22278462
A1_R006.rsml, 7262b0de-f82a-4de2-99b7-60695f3146aa, N3.2, 1.5403583, 0.0, 9.39165, 2.4532166, 0,  Root,  11, 0.51243037
A1_R006.rsml, 7262b0de-f82a-4de2-99b7-60695f3146aa, N3.2, 2.9804213, 0.0, 8.377767, 3.4501667, 0,  Root,  14, 0.480021
A1_R006.rsml, 2995e0f0-0bd4-4154-be47-11846a44885d, N2.2, 2.1656365, 0.0, 9.04875, 3.0183666, 0,  Root,  11, 0.72093767
A1_R006.rsml, 38032417-2bac-4176-bd9c-51948c18caaa, N3.1, 0.96715295, 0.0, 11.908366, 2.2521334, 0,  Root,  11, 0.31941643
A1_R006.rsml, f429425e-805f-4aad-8b13-1a507ac3f96e, N4.1, 1.6614989, 0.0, 9.692217, 2.667, 0,  Root,  18, 0.23674981
A1_R006.rsml, 8b5a671a-a93b-49ae-8aa6-841dcac48dd8, N2.1, 0.8650929, 0.0, 11.641666, 2.7029834, 0,  Root,  11, 0.2855328
A1_R006.rsml, fc5d419d-1e77-491d-a4b1-310b59de2ef1, N1.2, 1.0992303, 0.0, 11.698816, 2.9717999, 0,  Root,  11, 0.3652531
A1_R006.rsml, 34f08516-e7dc-4ba3-894e-8c01ac1ca7e6, N1.1, 2.0106962, 0.0, 9.101666, 3.0268333, 0,  Root,  11, 0.6701606
A1_R006.rsml, 34f08516-e7dc-4ba3-894e-8c01ac1ca7e6, N1.1, 4.4489627, 0.0, 8.221133, 5.28955, 0,  Root,  14, 0.8127555
A1_R006.rsml, 9867a5a4-9964-4436-a9d0-4d967812ea5e, root_0, 1.9462161, 0.0, 10.551583, 4.3052998, 0,  Root,  3, 0.6462512
A1_R006.rsml, 9867a5a4-9964-4436-a9d0-4d967812ea5e, root_0, 5.130577, 0.0, 10.602384, 7.46125, 0,  Root,  7, 0.79609025
A1_R006.rsml, 9867a5a4-9964-4436-a9d0-4d967812ea5e, root_0, 13.039079, 0.0, 10.01395, 15.237884, 0,  Root,  11, 1.9771254
A1_R006.rsml, 9867a5a4-9964-4436-a9d0-4d967812ea5e, root_0, 17.171541, 0.0, 10.00125, 19.282833, 0,  Root,  14, 1.3774875
A1_R006.rsml, 9867a5a4-9964-4436-a9d0-4d967812ea5e, root_0, 17.184397, 0.0, 0,  Root,  14, Infinity
A1_R006.rsml, e8da93fc-107b-4e19-beff-c6ae68527318, lat_23, 0.87696016, 0.0, 10.492316, 19.081749, 1,  Lateral root,  18, 0.17458442
A1_R006.rsml, e8da93fc-107b-4e19-beff-c6ae68527318, lat_23, 0.9174661, 0.0, 1,  Lateral root,  18, Infinity
A1_R006.rsml, 0680ffbc-55d7-4b39-9eb3-e4b240601d5d, lat_22, 0.31122506, 0.0, 9.7409, 17.0434, 1,  Lateral root,  18, 0.0511661
A1_R006.rsml, 0680ffbc-55d7-4b39-9eb3-e4b240601d5d, lat_22, 0.35816774, 0.0, 1,  Lateral root,  18, Infinity
A1_R006.rsml, 31f6aca5-8402-496d-839d-299b8c8a46b8, lat_21, 0.32704112, 0.0, 10.3505, 16.660284, 1,  Lateral root,  18, 0.05304201
A1_R006.rsml, 31f6aca5-8402-496d-839d-299b8c8a46b8, lat_21, 0.39870712, 0.0, 1,  Lateral root,  18, Infinity
A1_R006.rsml, a9a145f5-2ee0-4c8e-bdf4-1f89b5be024a, lat_20, 0.3362599, 0.0, 10.479616, 15.980833, 1,  Lateral root,  18, 0.055300053
A1_R006.rsml, a9a145f5-2ee0-4c8e-bdf4-1f89b5be024a, lat_20, 0.35276532, 0.0, 1,  Lateral root,  18, Infinity
A1_R006.rsml, 64741844-3041-4f87-8db0-46f26cfdc6a8, lat_19, 0.37450504, 0.0, 9.616016, 12.113683, 1,  Lateral root,  14, 0.09212076
A1_R006.rsml, 64741844-3041-4f87-8db0-46f26cfdc6a8, lat_19, 0.84216267, 0.0, 9.569449, 12.481983, 1,  Lateral root,  18, 0.11691441
A1_R006.rsml, 836726d9-4239-4356-b0fe-c1fa66ff9819, lat_18, 1.250485, 0.0, 11.2268, 11.717867, 1,  Lateral root,  18, 0.15536086
A1_R006.rsml, 808a9ff5-54ee-404a-950e-f53cc3848a84, lat_17, 0.35239306, 0.0, 9.673166, 10.651067, 1,  Lateral root,  14, 0.08564818
A1_R006.rsml, b8cc7155-8536-4629-b825-78aa67eb45c3, lat_16, 1.0730028, 0.0, 9.3218, 8.2042, 1,  Lateral root,  14, 0.17831151
A1_R006.rsml, b8cc7155-8536-4629-b825-78aa67eb45c3, lat_16, 1.13261, 0.0, 1,  Lateral root,  14, Infinity
A1_R006.rsml, b6d3b41c-c375-4aa6-a1f7-d5781d29bc68, lat_15, 4.8438106, 0.0, 9.190567, 10.4521, 1,  Lateral root,  14, 0.69140834
A1_R006.rsml, b6d3b41c-c375-4aa6-a1f7-d5781d29bc68, lat_15, 4.847983, 0.0, 1,  Lateral root,  14, Infinity
A1_R006.rsml, f8da33cd-1adc-4482-94f8-06cb229f7c21, lat_14, 0.34263772, 0.0, 10.742084, 6.2103, 1,  Lateral root,  7, 0.11257714
A1_R006.rsml, f8da33cd-1adc-4482-94f8-06cb229f7c21, lat_14, 1.5408168, 0.0, 1,  Lateral root,  11, 0.29954475
A1_R006.rsml, f8da33cd-1adc-4482-94f8-06cb229f7c21, lat_14, 1.4116533, 0.0, 10.739966, 7.27075, 1,  Lateral root,  14, -0.043054502
A1_R006.rsml, 9b2ba0a7-47bc-4119-9c90-6fdf90e1be1c, lat_13, 0.41770458, 0.0, 10.830983, 6.0282664, 1,  Lateral root,  7, 0.13706125
A1_R006.rsml, 9b2ba0a7-47bc-4119-9c90-6fdf90e1be1c, lat_13, 1.653672, 0.0, 11.137899, 7.1966667, 1,  Lateral root,  11, 0.30899185
A1_R006.rsml, 9b2ba0a7-47bc-4119-9c90-6fdf90e1be1c, lat_13, 1.757634, 0.0, 1,  Lateral root,  11, Infinity
A1_R006.rsml, b78c4258-5a72-4b7d-a000-ed8699d6f4e0, lat_12, 0.5110951, 0.0, 10.1727, 5.8885665, 1,  Lateral root,  7, 0.16781186
A1_R006.rsml, b78c4258-5a72-4b7d-a000-ed8699d6f4e0, lat_12, 1.9117118, 0.0, 9.459383, 7.0485, 1,  Lateral root,  11, 0.35015416
A1_R006.rsml, b78c4258-5a72-4b7d-a000-ed8699d6f4e0, lat_12, 2.6582274, 0.0, 9.75995, 7.5903664, 1,  Lateral root,  14, 0.24883854
A1_R006.rsml, 0d8bd717-3052-46ec-b19d-ee67be5bb9c0, lat_11, 0.9621042, 0.0, 11.19505, 6.3394165, 1,  Lateral root,  11, 0.13702829
A1_R006.rsml, 0d8bd717-3052-46ec-b19d-ee67be5bb9c0, lat_11, 1.0769881, 0.0, 1,  Lateral root,  11, Infinity
A1_R006.rsml, 7a15eeba-1c16-4854-9885-57a55888298d, lat_10, 0.71963304, 0.0, 10.028767, 5.522383, 1,  Lateral root,  7, 0.23565744
A1_R006.rsml, 7a15eeba-1c16-4854-9885-57a55888298d, lat_10, 1.6867534, 0.0, 9.510183, 6.328833, 1,  Lateral root,  11, 0.24178009
A1_R006.rsml, 0126f2ad-32cc-4943-9de1-494a47942456, lat_9, 0.750284, 0.0, 11.209867, 5.1646667, 1,  Lateral root,  7, 0.24846917
A1_R006.rsml, 0126f2ad-32cc-4943-9de1-494a47942456, lat_9, 1.4852455, 0.0, 11.3665, 5.877983, 1,  Lateral root,  11, 0.18374036
A1_R006.rsml, 0126f2ad-32cc-4943-9de1-494a47942456, lat_9, 1.5569276, 0.0, 1,  Lateral root,  11, Infinity
A1_R006.rsml, d8e15b90-6a47-4b9a-b04c-ee9e49df6104, lat_8, 0.26064944, 0.0, 10.82675, 4.6439667, 1,  Lateral root,  7, 0.085915275
A1_R006.rsml, d8e15b90-6a47-4b9a-b04c-ee9e49df6104, lat_8, 1.4650531, 0.0, 11.427883, 5.6028166, 1,  Lateral root,  11, 0.3011009
A1_R006.rsml, 6fdfe5f6-eac3-4c69-af57-3f3d7d025c93, lat_7, 0.4766644, 0.0, 10.227734, 4.76885, 1,  Lateral root,  7, 0.11816928
A1_R006.rsml, 6fdfe5f6-eac3-4c69-af57-3f3d7d025c93, lat_7, 1.9648365, 0.0, 9.573683, 6.0261497, 1,  Lateral root,  14, 0.21259601
A1_R006.rsml, 14cfd23c-71e8-49e6-ac2e-e3421c9917ce, lat_6, 0.7090796, 0.0, 9.96315, 4.6228, 1,  Lateral root,  7, 0.17449808
A1_R006.rsml, 14cfd23c-71e8-49e6-ac2e-e3421c9917ce, lat_6, 2.1304016, 0.0, 9.158816, 5.750983, 1,  Lateral root,  11, 0.3553305
A1_R006.rsml, 01e68c1d-eaa8-4f57-9d3c-aca28f4f2b65, lat_5, 0.3989164, 0.0, 10.126133, 3.9772167, 1,  Lateral root,  7, 0.09865896
A1_R006.rsml, 01e68c1d-eaa8-4f57-9d3c-aca28f4f2b65, lat_5, 1.7462795, 0.0, 9.0932, 4.8259997, 1,  Lateral root,  11, 0.33684078
A1_R006.rsml, 01e68c1d-eaa8-4f57-9d3c-aca28f4f2b65, lat_5, 2.0658338, 0.0, 8.925983, 5.0969334, 1,  Lateral root,  14, 0.10651811
A1_R006.rsml, 47b6d44f-30f6-42cb-9893-0ca9bced6dff, lat_4, 0.35986215, 0.0, 10.181167, 3.66395, 1,  Lateral root,  7, 0.08795742
A1_R006.rsml, 18ad545b-407f-4c7f-bbfb-246998c9da03, lat_3, 0.26349452, 0.0, 10.837334, 3.66395, 1,  Lateral root,  7, 0.06487932
A1_R006.rsml, 18ad545b-407f-4c7f-bbfb-246998c9da03, lat_3, 0.6253179, 0.0, 11.171766, 3.76555, 1,  Lateral root,  11, 0.09045584
A1_R006.rsml, 655a0656-45ea-43ee-9137-6d682edf8af6, lat_2, 0.33679888, 0.0, 10.943167, 3.4395833, 1,  Lateral root,  7, 0.082440324
A1_R006.rsml, 655a0656-45ea-43ee-9137-6d682edf8af6, lat_2, 0.80095845, 0.0, 11.4046, 3.4755666, 1,  Lateral root,  11, 0.116039895
A1_R006.rsml, a3f5fd40-4498-4a59-bce0-7984841290b0, lat_1, 0.26447433, 0.0, 10.2997, 3.4649832, 1,  Lateral root,  7, 0.064026564
A1_R006.rsml, a3f5fd40-4498-4a59-bce0-7984841290b0, lat_1, 0.2688866, 0.0, 1,  Lateral root,  7, Infinity
A1_R006.rsml, e08a66e1-bdee-4593-bbaf-08b66202069f, lat_1, 0.43419233, 0.0, 10.915649, 4.233333, 1,  Lateral root,  7, 0.107967004
A1_R006.rsml, 68113cc1-7b54-4578-b0dd-c26f7c8378ed, lat_4, 1.4055068, 0.0, 9.743016, 6.7648664, 1,  Lateral root,  11, 0.20009637
A1_R006.rsml, ca9d7bf1-b90b-4f15-bcb1-8db105ddbcf5, lat_3, 0.3614039, 0.0, 10.862733, 5.7806168, 1,  Lateral root,  7, 0.12012402
A1_R006.rsml, f4675c73-358f-4a43-bbdb-30c2d8b12c35, lat_2, 1.0834818, 0.0, 9.903883, 6.0621333, 1,  Lateral root,  11, 0.15311755
A2_R008.rsml, 10be3651-192c-4008-b583-7552aa533ac1, root_0, 1.8407527, 0.0, 9.637183, 4.6460834, 0,  Root,  3, 0.61268663
A2_R008.rsml, 10be3651-192c-4008-b583-7552aa533ac1, root_0, 4.3559465, 0.0, 9.46785, 7.1395164, 0,  Root,  7, 0.6287985
A2_R008.rsml, 10be3651-192c-4008-b583-7552aa533ac1, root_0, 11.217481, 0.0, 10.221383, 13.929783, 0,  Root,  11, 1.7153835
A2_R008.rsml, 10be3651-192c-4008-b583-7552aa533ac1, root_0, 17.301188, 0.0, 10.593917, 19.9898, 0,  Root,  14, 2.0279024
A2_R008.rsml, 10be3651-192c-4008-b583-7552aa533ac1, root_0, 17.36643, 0.0, 0,  Root,  14, Infinity
A2_R008.rsml, 10be3651-192c-4008-b583-7552aa533ac1, root_0, 19.080479, 0.0, 0,  Root,  18, 0.4285121
A2_R008.rsml, 208d357b-1ecc-486c-bff9-6ab7236cde75, lat_23, 1.4134122, 0.0, 9.958917, 21.0058, 1,  Lateral root,  18, 0.35217786
A2_R008.rsml, 208d357b-1ecc-486c-bff9-6ab7236cde75, lat_23, 1.505512, 0.0, 1,  Lateral root,  18, Infinity
A2_R008.rsml, 86e91cba-07c8-4c6a-8036-57245e40cd90, lat_22, 1.0497863, 0.0, 9.884833, 20.298834, 1,  Lateral root,  18, 0.26052004
A2_R008.rsml, 5373baff-4559-42d3-945e-0cb824944fc0, lat_21, 1.0054153, 0.0, 11.444817, 18.321867, 1,  Lateral root,  18, 0.199886
A2_R008.rsml, d79edeaf-4244-492e-9ecd-a3afb4fb2635, lat_20, 1.5087644, 0.0, 11.75385, 17.46885, 1,  Lateral root,  18, 0.30064446
A2_R008.rsml, ab44b3b7-9eea-46b3-9984-c0870cb18675, lat_19, 0.93463874, 0.0, 9.457267, 16.143816, 1,  Lateral root,  18, 0.15451474
A2_R008.rsml, 1b25ac06-e29a-4219-9e7e-bc19392b1fe8, lat_18, 0.79474765, 0.0, 9.4869, 14.063133, 1,  Lateral root,  18, 0.13046572
A2_R008.rsml, 936af2f4-3096-47aa-8a36-5e7a52415ebc, lat_17, 0.8134259, 0.0, 9.36625, 13.3096, 1,  Lateral root,  18, 0.11495133
A2_R008.rsml, 77623941-662f-4fc0-b7f9-a8401ade3e67, lat_16, 0.42298484, 0.0, 9.260417, 11.015133, 1,  Lateral root,  14, 0.105573855
A2_R008.rsml, 77623941-662f-4fc0-b7f9-a8401ade3e67, lat_16, 1.0740885, 0.0, 8.75665, 11.3792, 1,  Lateral root,  18, 0.1627759
A2_R008.rsml, a3c25994-c214-4346-a4f2-276c3a636d4a, lat_15, 4.4102054, 0.0, 7.90575, 9.605433, 1,  Lateral root,  11, 0.6296056
A2_R008.rsml, a3c25994-c214-4346-a4f2-276c3a636d4a, lat_15, 6.1738067, 0.0, 7.1966667, 11.1865835, 1,  Lateral root,  14, 0.5878671
A2_R008.rsml, 2d165628-2d6a-43d7-b6df-5626e587f44b, lat_14, 4.0726914, 0.0, 7.874, 9.1567, 1,  Lateral root,  11, 0.5817087
A2_R008.rsml, 2d165628-2d6a-43d7-b6df-5626e587f44b, lat_14, 6.3088117, 0.0, 7.01675, 11.171766, 1,  Lateral root,  14, 0.7453734
A2_R008.rsml, 089f6cfd-d19f-4b5d-be29-62f869826160, lat_13, 3.5393107, 0.0, 10.1346, 8.902699, 1,  Lateral root,  11, 0.5048209
A2_R008.rsml, 089f6cfd-d19f-4b5d-be29-62f869826160, lat_13, 5.4089766, 0.0, 10.19175, 10.761133, 1,  Lateral root,  14, 0.62322193
A2_R008.rsml, 089f6cfd-d19f-4b5d-be29-62f869826160, lat_13, 5.581681, 0.0, 1,  Lateral root,  14, Infinity
A2_R008.rsml, 5c364ecd-fb29-4e89-a587-4bc8c8e5878f, lat_12, 0.17856804, 0.0, 9.389533, 5.3213, 1,  Lateral root,  7, 0.058097508
A2_R008.rsml, 5c364ecd-fb29-4e89-a587-4bc8c8e5878f, lat_12, 1.931072, 0.0, 8.4201, 6.7564, 1,  Lateral root,  11, 0.438126
A2_R008.rsml, a58cdd20-7e0f-431e-b287-595c28b4c816, lat_11, 0.2295627, 0.0, 9.819217, 5.281083, 1,  Lateral root,  7, 0.07615622
A2_R008.rsml, aac3f86e-751d-47dc-9928-dbfebc00d82b, lat_10, 0.1915234, 0.0, 9.3598995, 5.07365, 1,  Lateral root,  7, 0.06353023
A2_R008.rsml, 9bce4355-3298-4b0c-b963-cd74caa5494e, lat_9, 0.24401785, 0.0, 9.870016, 5.0884666, 1,  Lateral root,  7, 0.07868144
A2_R008.rsml, fd6d05a7-cadd-44d2-ba75-43f082c87b79, lat_8, 0.2724992, 0.0, 9.914467, 4.9551167, 1,  Lateral root,  7, 0.08935714
A2_R008.rsml, 9431827b-e214-49d8-ad51-9a948976a188, lat_7, 0.3984145, 0.0, 9.292167, 5.0694165, 1,  Lateral root,  7, 0.13280483
A2_R008.rsml, 40de3e31-fdd5-4b9b-8fc6-bc4a87dc7bdb, lat_6, 0.35165688, 0.0, 9.285816, 4.2672, 1,  Lateral root,  7, 0.08690784
A2_R008.rsml, 05c0500d-58d7-4f68-9243-8ab230fcafaa, lat_5, 0.30643263, 0.0, 9.355666, 3.9962666, 1,  Lateral root,  7, 0.07483606
A2_R008.rsml, b78b8d5b-069f-4762-80b3-200944f1c390, lat_4, 0.22339305, 0.0, 10.03935, 3.6554832, 1,  Lateral root,  7, 0.05553073
A2_R008.rsml, c5135485-ba40-43da-94e5-45b156b1a2a3, lat_3, 0.30177376, 0.0, 9.446683, 3.6279666, 1,  Lateral root,  7, 0.074231826
A2_R008.rsml, 99b309c1-5865-4987-b95a-321534e1310b, lat_2, 0.36995158, 0.0, 9.374717, 3.3633833, 1,  Lateral root,  7, 0.09129695
A2_R008.rsml, 9bd2e36b-3422-4b3c-bf45-bc7e9868c7f2, lat_1, 0.30927983, 0.0, 10.081683, 3.5009665, 1,  Lateral root,  7, 0.07540681
A2_R008.rsml, 5f13f482-59b9-47d2-8e87-b865870f4cd3, lat_24, 1.6476313, 0.0, 9.9102335, 21.547667, 1,  Lateral root,  18, 0.41154757
A2_R008.rsml, 396c7c27-cb87-46dc-ab59-a857860e843d, N2.2, 3.101622, 0.0, 7.9248, 3.9539332, 0,  Root,  18, 0.22342537
A2_R008.rsml, 8b0fbffb-ef6b-4bdb-8787-b6051bc87cd6, N2.1, 2.5803385, 0.0, 12.414249, 3.79095, 0,  Root,  18, 0.2216609
A2_R008.rsml, 8b0fbffb-ef6b-4bdb-8787-b6051bc87cd6, N2.1, 2.6755838, 0.0, 0,  Root,  18, Infinity
A2_R008.rsml, 212cf598-2c3f-47f1-85df-085223bdae4d, N1.2, 5.0420656, 0.0, 6.474883, 5.412317, 0,  Root,  18, 0.38164428
A2_R008.rsml, 212cf598-2c3f-47f1-85df-085223bdae4d, N1.2, 5.0722647, 0.0, 0,  Root,  23, 0.0060398104
A2_R008.rsml, 322ef5b8-b950-405e-9155-c75eccb205d4, N1.1, 3.58067, 0.0, 12.9772835, 4.303183, 0,  Root,  18, 0.2633941
A2_R008.rsml, 322ef5b8-b950-405e-9155-c75eccb205d4, N1.1, 5.587456, 0.0, 13.921316, 6.0473166, 0,  Root,  23, 0.40135723
A3_R010.rsml, 127942ea-9fa8-4824-91f5-ee92e92483c7, N1.1, 0.89007914, 0.0, 9.666817, 3.67665, 0,  Root,  14, 0.29394785
A3_R010.rsml, 127942ea-9fa8-4824-91f5-ee92e92483c7, N1.1, 3.5573595, 0.0, 0,  Root,  14, Infinity
A3_R010.rsml, 127942ea-9fa8-4824-91f5-ee92e92483c7, N1.1, 3.5274363, 0.0, 0,  Root,  14, -Infinity
A3_R010.rsml, 1e9aa32b-047a-42ff-8dae-0b2a604d11e8, N2.1, 0.72273564, 0.0, 9.116484, 3.1898167, 0,  Root,  11, Infinity
A3_R010.rsml, 1e9aa32b-047a-42ff-8dae-0b2a604d11e8, N2.1, 1.3592061, 0.0, 8.739717, 3.6914666, 0,  Root,  14, 0.21215682
A3_R010.rsml, 4ada6c8e-057d-4b42-bbbc-9daec94cdc5e, root_0, 1.3741955, 0.0, 10.318749, 3.4903834, 0,  Root,  3, 0.45545316
A3_R010.rsml, 4ada6c8e-057d-4b42-bbbc-9daec94cdc5e, root_0, 4.492611, 0.0, 10.1854, 6.5891833, 0,  Root,  7, 0.77960384
A3_R010.rsml, 4ada6c8e-057d-4b42-bbbc-9daec94cdc5e, root_0, 6.2364335, 0.0, 10.162117, 8.31215, 0,  Root,  11, 0.43595564
A3_R010.rsml, 4ada6c8e-057d-4b42-bbbc-9daec94cdc5e, root_0, 9.196214, 0.0, 10.149417, 11.2522, 0,  Root,  14, 0.9865934
A3_R010.rsml, 07442771-14f1-412d-8884-25f849366c41, lat_14, 2.544921, 0.0, 9.692217, 8.822267, 1,  Lateral root,  14, 0.42377722
A3_R010.rsml, 21b0b206-1d1b-4a6d-8756-d0d25a4c72f0, lat_13, 1.5329292, 0.0, 11.273367, 7.0887165, 1,  Lateral root,  11, 0.38102928
A3_R010.rsml, 21b0b206-1d1b-4a6d-8756-d0d25a4c72f0, lat_13, 2.823128, 0.0, 11.91895, 8.193617, 1,  Lateral root,  14, 0.43006626
A3_R010.rsml, 21b0b206-1d1b-4a6d-8756-d0d25a4c72f0, lat_13, 2.8058264, 0.0, 11.908366, 8.1788, 1,  Lateral root,  14, -Infinity
A3_R010.rsml, df0f78be-070e-46ad-8556-1a0ac1f1d4ae, lat_12, 2.2660067, 0.0, 9.154583, 7.8168497, 1,  Lateral root,  11, 0.56313205
A3_R010.rsml, df0f78be-070e-46ad-8556-1a0ac1f1d4ae, lat_12, 5.1064115, 0.0, 8.390467, 10.488083, 1,  Lateral root,  14, 0.9468016
A3_R010.rsml, 422bcedf-46cc-4202-a149-d2c376a80350, lat_10, 2.3703597, 0.0, 11.63955, 7.6707997, 1,  Lateral root,  11, 0.5903775
A3_R010.rsml, 422bcedf-46cc-4202-a149-d2c376a80350, lat_10, 2.9356666, 0.0, 11.940117, 8.149166, 1,  Lateral root,  14, 0.18843563
A3_R010.rsml, 422bcedf-46cc-4202-a149-d2c376a80350, lat_10, 2.93284, 0.0, 11.938, 8.14705, 1,  Lateral root,  14, -Infinity
A3_R010.rsml, 1075bdc1-9288-44f5-a83b-2c58fb24555b, lat_9, 2.5108788, 0.0, 8.106833, 6.9553666, 1,  Lateral root,  14, 0.32376838
A3_R010.rsml, b10b43cd-cf63-4929-b532-0c2133033560, lat_8, 2.380875, 0.0, 12.0290165, 7.224183, 1,  Lateral root,  11, 0.59455407
A3_R010.rsml, b10b43cd-cf63-4929-b532-0c2133033560, lat_8, 4.8949347, 0.0, 13.508567, 9.1821, 1,  Lateral root,  14, 0.83801985
A3_R010.rsml, b10b43cd-cf63-4929-b532-0c2133033560, lat_8, 4.9664283, 0.0, 1,  Lateral root,  14, Infinity
A3_R010.rsml, 6aff1e6c-2f2b-472b-b19f-45afc9c2a1d2, lat_7, 2.6928325, 0.0, 8.0772, 6.8304834, 1,  Lateral root,  11, 0.62601316
A3_R010.rsml, 1e5ba093-f003-4ab3-bf4e-a51daf40f994, lat_6, 2.3323452, 0.0, 9.044517, 7.2284164, 1,  Lateral root,  11, 0.58213735
A3_R010.rsml, 1e5ba093-f003-4ab3-bf4e-a51daf40f994, lat_6, 4.643167, 0.0, 8.678333, 9.463616, 1,  Lateral root,  14, 0.7702739
A3_R010.rsml, d6e6188d-7b62-4eca-8e9c-acd1b943a715, lat_5, 0.73137283, 0.0, 9.55675, 3.2490833, 1,  Lateral root,  7, 0.18205579
A3_R010.rsml, d6e6188d-7b62-4eca-8e9c-acd1b943a715, lat_5, 2.9104004, 0.0, 1,  Lateral root,  7, Infinity
A3_R010.rsml, d6e6188d-7b62-4eca-8e9c-acd1b943a715, lat_5, 1.6649848, 0.0, 8.62965, 3.1919334, 1,  Lateral root,  11, -0.3113539
A3_R010.rsml, 7e2b3eaf-94c5-4cf7-9ea9-cda265946f6b, lat_4, 3.3662214, 0.0, 1,  Lateral root,  7, 0.8411824
A3_R010.rsml, 7e2b3eaf-94c5-4cf7-9ea9-cda265946f6b, lat_4, 0.8483661, 0.0, 10.9093, 3.7168667, 1,  Lateral root,  11, -0.62946385
A3_R010.rsml, 7e2b3eaf-94c5-4cf7-9ea9-cda265946f6b, lat_4, 3.345791, 0.0, 1,  Lateral root,  11, Infinity
A3_R010.rsml, 5ba2225e-f801-463e-a5e9-da509faeadeb, lat_3, 0.64511925, 0.0, 9.694333, 2.9591, 1,  Lateral root,  7, 0.15991029
A3_R010.rsml, 5ba2225e-f801-463e-a5e9-da509faeadeb, lat_3, 2.5581813, 0.0, 1,  Lateral root,  7, Infinity
A3_R010.rsml, 5ba2225e-f801-463e-a5e9-da509faeadeb, lat_3, 2.0890734, 0.0, 8.326966, 3.4057167, 1,  Lateral root,  14, -0.06701541
A3_R010.rsml, f69db9b9-c195-45fb-8e64-ba426ffdb68b, lat_2, 0.35684732, 0.0, 10.78865, 2.8088167, 1,  Lateral root,  7, 0.08606062
A3_R010.rsml, f69db9b9-c195-45fb-8e64-ba426ffdb68b, lat_2, 1.4217911, 0.0, 1,  Lateral root,  7, Infinity
A3_R010.rsml, 5914b041-ae5a-4ff6-ab67-cc841170728d, lat_1, 0.72937816, 0.0, 11.123083, 2.9717999, 1,  Lateral root,  7, 0.18107396
A3_R010.rsml, 5914b041-ae5a-4ff6-ab67-cc841170728d, lat_1, 2.9507833, 0.0, 1,  Lateral root,  7, Infinity
A3_R010.rsml, a1a7c44f-f3f4-4742-a742-637133ae4b59, lat_1, 1.0732938, 0.0, 10.231967, 6.3013167, 1,  Lateral root,  11, 0.2147058
A3_R010.rsml, 46ae44d0-d928-47a2-95a7-365411082bdd, lat_1, 2.6720562, 0.0, 8.528049, 7.3808165, 1,  Lateral root,  14, 0.37981194
A3_R010.rsml, b64e17ee-d5d9-4ea2-8e1a-6e1d9306261a, lat_1, 1.3505765, 0.0, 10.303933, 6.9214997, 1,  Lateral root,  11, 0.33586773
B1_R012.rsml, b7d2a1bf-ad41-437c-b803-af341c254514, root_0, 1.6848018, 0.0, 10.4902, 4.6884165, 0,  Root,  3, 0.5575645
B1_R012.rsml, b7d2a1bf-ad41-437c-b803-af341c254514, root_0, 6.8999963, 0.0, 11.573934, 9.68375, 0,  Root,  7, 1.3037987
B1_R012.rsml, b7d2a1bf-ad41-437c-b803-af341c254514, root_0, 10.985384, 0.0, 11.078633, 13.688483, 0,  Root,  11, 1.0213469
B1_R012.rsml, b7d2a1bf-ad41-437c-b803-af341c254514, root_0, 14.472125, 0.0, 10.568517, 17.111134, 0,  Root,  14, 1.1622471
B1_R012.rsml, 8bb467db-ed0a-4d83-85e6-0b695f5f2235, lat_28, 2.0365264, 0.0, 11.768666, 18.609734, 1,  Lateral root,  18, 0.50711
B1_R012.rsml, d60fbba2-ef10-4c74-a746-fabf5533be43, lat_27, 2.2025282, 0.0, 11.866034, 18.64995, 1,  Lateral root,  18, 0.54881984
B1_R012.rsml, e464a42e-12c6-42c9-a3bb-f1c9f5204a53, lat_25, 0.47094536, 0.0, 10.240433, 16.16075, 1,  Lateral root,  18, 0.11583423
B1_R012.rsml, 9fc639d6-a8bf-4007-b404-9ff736922b7f, lat_24, 0.96029913, 0.0, 9.75995, 15.731067, 1,  Lateral root,  18, 0.23890774
B1_R012.rsml, d7f5a424-7808-45be-bfab-be7c6e4a455f, lat_23, 1.0263175, 0.0, 9.8171, 15.479183, 1,  Lateral root,  18, 0.25454333
B1_R012.rsml, 4b51914f-18fa-408f-8804-7cff42058188, lat_22, 0.78770167, 0.0, 11.6713, 15.1257, 1,  Lateral root,  18, 0.19532421
B1_R012.rsml, 8fa68180-6107-42dc-83c8-f5fbf45d160e, lat_21, 3.4099758, 0.0, 13.114866, 16.378767, 1,  Lateral root,  18, 0.4860049
B1_R012.rsml, a04abf8e-e078-4e14-8b11-da0f162d4a6f, lat_20, 0.9584122, 0.0, 10.289117, 14.14145, 1,  Lateral root,  18, 0.13652566
B1_R012.rsml, e1459ce4-b1f8-4feb-83ff-0bb55304c5fb, lat_19, 0.53680664, 0.0, 12.117916, 10.780183, 1,  Lateral root,  14, 0.17786199
B1_R012.rsml, cbf14d0f-351f-483b-b217-00bffe4bf447, lat_18, 0.7563667, 0.0, 10.778067, 10.69975, 1,  Lateral root,  18, 0.106452815
B1_R012.rsml, 7486a048-cdf5-4528-8427-ce9acd92c95a, lat_17, 1.0551296, 0.0, 10.50925, 10.7442, 1,  Lateral root,  18, 0.14922091
B1_R012.rsml, 22cfba0b-1908-429e-ad1e-07efcea9830c, lat_16, 1.4871397, 0.0, 12.619567, 11.089216, 1,  Lateral root,  14, 0.24747242
B1_R012.rsml, 9f1eb143-fe26-4b51-bcf6-6d2fbdea8a83, lat_15, 1.5719136, 0.0, 12.780434, 10.727266, 1,  Lateral root,  14, 0.22454885
B1_R012.rsml, 7c35bb12-3f81-41d3-9bdd-590504415487, lat_14, 0.74259627, 0.0, 11.61415, 7.1987834, 1,  Lateral root,  11, 0.18413948
B1_R012.rsml, ab07b5d8-7575-4645-a526-cae7d1dc1a28, lat_13, 1.8908736, 0.0, 10.5791, 7.2538166, 1,  Lateral root,  11, 0.47155872
B1_R012.rsml, e708b36c-959e-456d-95cf-b01a278f7092, lat_12, 0.35851982, 0.0, 11.104033, 5.6642, 1,  Lateral root,  7, 0.11810953
B1_R012.rsml, e708b36c-959e-456d-95cf-b01a278f7092, lat_12, 1.5771378, 0.0, 11.489266, 6.722533, 1,  Lateral root,  11, 0.3046545
B1_R012.rsml, 038e7f1b-de6b-4766-a019-4180c7c53c93, lat_11, 0.4604164, 0.0, 10.358967, 5.73405, 1,  Lateral root,  7, 0.15282813
B1_R012.rsml, 936e4537-8c54-4522-9ee7-bb0d55eee2aa, lat_10, 0.49637407, 0.0, 11.032066, 5.39115, 1,  Lateral root,  7, 0.16474754
B1_R012.rsml, 75e2f3b3-ed54-473a-9b42-8fc977489bed, lat_9, 0.67609143, 0.0, 10.11555, 5.420783, 1,  Lateral root,  7, 0.22430171
B1_R012.rsml, a5a6dcc4-fafa-4a83-9071-78d34407b01d, lat_8, 0.59014386, 0.0, 11.11885, 4.6333833, 1,  Lateral root,  7, 0.1951368
B1_R012.rsml, a5a6dcc4-fafa-4a83-9071-78d34407b01d, lat_8, 1.8644941, 0.0, 12.386733, 4.614333, 1,  Lateral root,  11, 0.31858754
B1_R012.rsml, bb7f2565-8095-4950-8870-4b1ed6d01137, lat_8, 0.7720246, 0.0, 9.9822, 5.2197, 1,  Lateral root,  7, 0.18831927
B1_R012.rsml, bb7f2565-8095-4950-8870-4b1ed6d01137, lat_8, 1.3221021, 0.0, 9.596967, 5.6049333, 1,  Lateral root,  11, 0.13751937
B1_R012.rsml, f61c5d37-8c2d-4052-8e73-38817b3174e8, lat_7, 0.70574003, 0.0, 9.7536, 4.7857833, 1,  Lateral root,  7, 0.17340231
B1_R012.rsml, f61c5d37-8c2d-4052-8e73-38817b3174e8, lat_7, 1.3379812, 0.0, 9.39165, 5.293783, 1,  Lateral root,  11, 0.1580603
B1_R012.rsml, 039de69e-dc79-4de3-8c0e-abf3661f8116, lat_6, 0.7641232, 0.0, 11.1125, 4.2629666, 1,  Lateral root,  11, 0.09388637
B1_R012.rsml, c74247ad-9af2-4691-b0dd-2a59301bb4d1, lat_5, 1.1943194, 0.0, 9.021234, 4.3815, 1,  Lateral root,  7, 0.29768428
B1_R012.rsml, c74247ad-9af2-4691-b0dd-2a59301bb4d1, lat_5, 2.2478828, 0.0, 8.0899, 4.836583, 1,  Lateral root,  11, 0.26339087
B1_R012.rsml, d5ce8b80-6413-4854-8da8-1b7187c22ddc, lat_4, 0.9124788, 0.0, 9.300633, 4.2290998, 1,  Lateral root,  7, 0.22634101
B1_R012.rsml, a6098f8a-9156-4ef8-be48-2c489210ca01, lat_3, 1.3024606, 0.0, 8.79475, 4.157133, 1,  Lateral root,  7, 0.32491758
B1_R012.rsml, a6098f8a-9156-4ef8-be48-2c489210ca01, lat_3, 2.159136, 0.0, 1,  Lateral root,  11, 0.21416888
B1_R012.rsml, 5c4c2e10-b1f5-4023-87ef-4bfd719f3b14, lat_2, 1.094492, 0.0, 11.137899, 3.5221334, 1,  Lateral root,  7, 0.2714603
B1_R012.rsml, ee799d9a-0fe6-4498-8914-96ac4b167035, lat_1, 1.6805258, 0.0, 10.974916, 2.5654, 1,  Lateral root,  11, 0.20871657
B2_R014.rsml, 3cfcfc47-5d60-4556-85ef-a8724822206b, N1.1, 1.7604328, 0.0, 10.587566, 4.6503167, 0,  Root,  18, 0.43591386
B2_R014.rsml, e1419c6d-9fc8-450c-818f-35025bd7192a, root_0, 4.1472516, 0.0, 10.289117, 6.7690997, 0,  Root,  7, 0.5920339
B2_R014.rsml, e1419c6d-9fc8-450c-818f-35025bd7192a, root_0, 7.2350416, 0.0, 9.552517, 9.616016, 0,  Root,  11, 0.7719475
B2_R014.rsml, e1419c6d-9fc8-450c-818f-35025bd7192a, root_0, 7.525351, 0.0, 0,  Root,  14, 0.09676981
B2_R014.rsml, c27b3b27-c8cf-4d35-8864-08b57622f4ad, lat_21, 0.60051864, 0.0, 9.205383, 9.92505, 1,  Lateral root,  18, 0.14955783
B2_R014.rsml, 419bc05f-79cf-4f08-97de-4978fee8e447, lat_20, 0.64900476, 0.0, 9.044517, 9.230783, 1,  Lateral root,  18, 0.16007084
B2_R014.rsml, be24f9f8-2bfe-4775-a931-2ccdf6a9ec20, lat_19, 0.7097072, 0.0, 9.044517, 8.7757, 1,  Lateral root,  18, 0.17584452
B2_R014.rsml, 57b053f4-33d5-4ad3-9b48-38ea7e559057, lat_18, 0.2988911, 0.0, 10.0626335, 8.335433, 1,  Lateral root,  14, 0.09826308
B2_R014.rsml, 57b053f4-33d5-4ad3-9b48-38ea7e559057, lat_18, 1.4961785, 0.0, 11.165417, 8.798984, 1,  Lateral root,  18, 0.29932186
B2_R014.rsml, e95327f0-0435-43e0-be4b-8c98fdeff0b4, lat_17, 0.6373059, 0.0, 9.243484, 8.233833, 1,  Lateral root,  14, 0.21106382
B2_R014.rsml, e95327f0-0435-43e0-be4b-8c98fdeff0b4, lat_17, 1.1659563, 0.0, 1,  Lateral root,  18, 0.13216259
B2_R014.rsml, 0bd8f90c-12a1-4049-8f7e-566d09eebfea, lat_16, 1.7892624, 0.0, 11.529483, 8.528049, 1,  Lateral root,  14, 0.5944017
B2_R014.rsml, 2f98621c-20e5-428b-b73d-47bfe0e64f91, lat_15, 1.1425387, 0.0, 11.228916, 7.9290333, 1,  Lateral root,  14, 0.37872067
B2_R014.rsml, 2f98621c-20e5-428b-b73d-47bfe0e64f91, lat_15, 1.7095754, 0.0, 11.698816, 8.240183, 1,  Lateral root,  18, 0.14175919
B2_R014.rsml, af868ea9-c9b2-430c-ab0c-358ed700119e, lat_14, 0.5627228, 0.0, 10.8966, 7.24535, 1,  Lateral root,  14, 0.18571429
B2_R014.rsml, 3a1ee135-b094-4939-adea-47fa04e52845, lat_13, 0.61069965, 0.0, 9.69645, 6.995583, 1,  Lateral root,  14, 0.087102726
B2_R014.rsml, 4efe54df-6e0a-4644-86d9-e35e058191ae, lat_12, 0.509946, 0.0, 9.730316, 6.493933, 1,  Lateral root,  11, 0.12641281
B2_R014.rsml, 02278165-1ea2-4dad-83e1-6b5ab747a6e9, lat_11, 0.4386718, 0.0, 9.662583, 5.9965167, 1,  Lateral root,  11, 0.10959139
B2_R014.rsml, 0dbb7c93-7b4e-482c-b1d3-0b67ef5511d7, lat_10, 0.8469968, 0.0, 9.68375, 5.7679167, 1,  Lateral root,  11, 0.20904702
B2_R014.rsml, 41ccf8b9-71f6-4d61-8c2f-1946f6d4662c, lat_9, 1.0422982, 0.0, 10.8966, 5.877983, 1,  Lateral root,  11, 0.25758025
B2_R014.rsml, acb4095f-3828-416e-8fe3-d40364c3e8b8, lat_8, 1.1563421, 0.0, 1,  Lateral root,  11, 0.287963
B2_R014.rsml, b6ae31c3-c399-4c3f-9d66-c96839db7f07, lat_7, 1.1273468, 0.0, 11.178117, 5.5541334, 1,  Lateral root,  11, 0.28034097
B2_R014.rsml, 5feb6bb7-655f-4a9e-9388-cfc983840f94, lat_6, 1.6708581, 0.0, 11.489266, 5.662083, 1,  Lateral root,  11, 0.41555443
B2_R014.rsml, 0a36289f-949f-4c5f-a2c5-289630d6e26f, lat_5, 2.6363606, 0.0, 8.532283, 6.258983, 1,  Lateral root,  11, 0.65748847
B2_R014.rsml, 08f6ac91-fb92-4fbe-b4ed-a5f8c107a0ac, lat_4, 0.82795167, 0.0, 10.80135, 4.65455, 1,  Lateral root,  11, 0.20430073
B2_R014.rsml, e65afc61-ea2d-462b-b677-2f909ab03dcb, lat_3, 0.30415565, 0.0, 10.259483, 3.96875, 1,  Lateral root,  11, 0.074974574
B2_R014.rsml, e65afc61-ea2d-462b-b677-2f909ab03dcb, lat_3, 2.6223717, 0.0, 8.619066, 5.5393167, 1,  Lateral root,  14, 0.7727387
B2_R014.rsml, 6519636e-5b76-4a59-a3d3-7230f0a936aa, lat_2, 0.26989195, 0.0, 10.206567, 3.7486167, 1,  Lateral root,  11, 0.06743365
B2_R014.rsml, edf558a4-4b31-4687-aa73-ac740406154c, lat_1, 0.64547247, 0.0, 9.846733, 3.6300833, 1,  Lateral root,  11, 0.15954855
B3_R006.rsml, 43c6dce7-062d-49cd-a790-58712ef25a66, root_0, 4.6556497, 0.0, 9.1059, 7.6030664, 0,  Root,  5, 0.9308404
B3_R006.rsml, f13bdd84-99ef-48ad-8245-29a23eb389f6, lat_9, 1.2078965, 0.0, 10.333567, 5.5139165, 1,  Lateral root,  8, 0.40106085
B3_R006.rsml, 76a8fca3-68f1-4386-982e-cb57677d6be3, lat_8, 0.92622757, 0.0, 8.322733, 4.849283, 1,  Lateral root,  8, 0.30566934
B3_R006.rsml, b8c2a6ba-cffc-44c6-aa6b-ce114890f67b, lat_7, 1.3007662, 0.0, 10.693399, 4.912783, 1,  Lateral root,  8, 0.43240342
B3_R006.rsml, 11500e71-9eed-43ef-9fc3-f15f6acd038d, lat_6, 0.46178, 0.0, 9.177867, 4.1528997, 1,  Lateral root,  8, 0.15261872
B3_R006.rsml, a68a29be-c919-40ff-a3b5-59eea450dd9d, lat_5, 1.1041222, 0.0, 8.636, 4.150783, 1,  Lateral root,  8, 0.3679539
B3_R006.rsml, 18ca49c7-ce51-4680-85c0-c418451af6a8, lat_4, 0.47430715, 0.0, 9.30275, 3.81, 1,  Lateral root,  8, 0.15701519
B3_R006.rsml, 8549ba9e-ceba-4b63-a459-a29b177c56d4, lat_3, 1.6988592, 0.0, 10.9347, 5.1731334, 1,  Lateral root,  8, 0.5656214
B3_R006.rsml, 2b519a94-9e1c-45e5-a8b9-02281aa72bdb, lat_2, 1.6060437, 0.0, 10.932583, 5.1202164, 1,  Lateral root,  8, 0.5347202
B3_R006.rsml, bcdeeb4d-e2f4-434e-9653-0ad140fe7388, lat_1, 1.228412, 0.0, 8.722783, 3.6025667, 1,  Lateral root,  8, 0.407361
H1_R018.rsml, e00d805a-5c6d-479c-965c-1abc47a6d308, N2.1, 1.3171052, 0.0, 9.13765, 3.2279167, 0,  Root,  13, 0.6450681
H1_R018.rsml, e00d805a-5c6d-479c-965c-1abc47a6d308, N2.1, 4.3267984, 0.0, 7.1374, 5.461, 0,  Root,  18, 0.6019386
H1_R018.rsml, 3f26056b-3e24-4bc9-8d59-232a23e4f44f, N3.1, 2.4354658, 0.0, 9.084733, 4.3328166, 0,  Root,  18, 0.40171328
H1_R018.rsml, 6e63ca93-a9e5-439a-8480-5254e8eb786a, N1.2, 0.96976906, 0.0, 9.800166, 3.4607499, 0,  Root,  14, 0.19230416
H1_R018.rsml, aeacad0d-4edb-47a2-a576-6ab37d83620c, N1.1, 1.1431493, 0.0, 10.72515, 3.7443833, 0,  Root,  14, 0.22763276
H1_R018.rsml, 08ad66a3-e7f4-491a-a299-cb9f769132d2, N3.2, 1.7652693, 0.0, 10.449984, 3.7549667, 0,  Root,  18, 0.29264423
H1_R018.rsml, 1845b33e-5a18-4154-b011-55a5b74f2113, root_0, 1.3312473, 0.0, 10.8712, 3.9137166, 0,  Root,  3, 0.43103424
H1_R018.rsml, 1845b33e-5a18-4154-b011-55a5b74f2113, root_0, 10.392953, 0.0, 10.7759495, 12.822766, 0,  Root,  7, 2.2654264
H1_R018.rsml, 1845b33e-5a18-4154-b011-55a5b74f2113, root_0, 13.122862, 0.0, 10.545233, 15.5194, 0,  Root,  11, 0.68247724
H1_R018.rsml, 1845b33e-5a18-4154-b011-55a5b74f2113, root_0, 13.727266, 0.0, 10.634133, 16.1163, 0,  Root,  14, 0.20146815
H1_R018.rsml, 36c15475-7c4b-4221-8432-e60d9ad08923, lat_44, 0.32268867, 0.0, 10.723033, 15.318316, 1,  Lateral root,  14, 0.0754091
H1_R018.rsml, 66b74f37-06c4-40c6-a73a-bc5b0980d508, lat_42, 1.1582462, 0.0, 1,  Lateral root,  14, 0.28736708
H1_R018.rsml, b77a6c7e-4d78-4de0-9f3c-dfaf936a8f13, lat_41, 1.5792437, 0.0, 9.347199, 14.3383, 1,  Lateral root,  14, 0.31504655
H1_R018.rsml, 4b0fbc7d-43ee-4a01-9324-95d51f7e715c, lat_41, 0.17452255, 0.0, 10.951633, 12.945533, 1,  Lateral root,  11, 0.079610944
H1_R018.rsml, 55ea027a-dd18-4120-b1e3-5c3375c2c684, lat_40, 1.0964942, 0.0, 1,  Lateral root,  14, 0.21644083
H1_R018.rsml, d63c5243-2e0b-421e-935a-5f822c938dca, lat_39, 0.577175, 0.0, 10.291233, 12.238566, 1,  Lateral root,  11, 0.14157388
H1_R018.rsml, d63c5243-2e0b-421e-935a-5f822c938dca, lat_39, 1.1287661, 0.0, 9.997017, 12.702117, 1,  Lateral root,  14, 0.18386368
H1_R018.rsml, f6e61bb8-6f98-4e26-b3b3-4b9a6cab5eb0, lat_38, 0.25776288, 0.0, 10.471149, 11.870267, 1,  Lateral root,  11, 0.06149751
H1_R018.rsml, aec83f71-91d4-4f98-890b-9fa275a870b3, lat_38, 0.5378498, 0.0, 10.2362, 11.882967, 1,  Lateral root,  11, 0.13250788
H1_R018.rsml, e3259e2a-9448-43d3-8f66-ccfb382ea7c8, lat_37, 0.8261126, 0.0, 10.111317, 11.789833, 1,  Lateral root,  11, 0.20561902
H1_R018.rsml, e3259e2a-9448-43d3-8f66-ccfb382ea7c8, lat_37, 2.3182986, 0.0, 9.36625, 13.078883, 1,  Lateral root,  14, 0.4973953
H1_R018.rsml, 4f06bcca-b089-45f5-a8a8-7f446d191627, lat_36, 0.52627265, 0.0, 10.1473, 11.319933, 1,  Lateral root,  11, 0.13122843
H1_R018.rsml, 125c3563-98b5-41ae-88d1-ba172cd5cbf3, lat_35, 0.27499425, 0.0, 10.378016, 10.936816, 1,  Lateral root,  11, 0.06696192
H1_R018.rsml, db3a84ad-cca3-4380-99f5-7d7927328362, lat_34, 0.6906032, 0.0, 11.2014, 11.33475, 1,  Lateral root,  11, 0.17231904
H1_R018.rsml, dcf4c0aa-1c66-487f-9f18-c46b3be9e604, lat_33, 0.39367267, 0.0, 11.2564335, 10.5304165, 1,  Lateral root,  11, 0.09639665
H1_R018.rsml, 8f276e3d-c915-46e9-afcf-7e148905aba1, lat_32, 0.4313811, 0.0, 10.346267, 10.551583, 1,  Lateral root,  11, 0.104995236
H1_R018.rsml, c34f6d50-2630-4552-8bc1-2c99fe2c7093, lat_31, 1.7719194, 0.0, 12.232217, 11.400367, 1,  Lateral root,  11, 0.43928292
H1_R018.rsml, c34f6d50-2630-4552-8bc1-2c99fe2c7093, lat_31, 3.1615336, 0.0, 12.964583, 12.5603, 1,  Lateral root,  14, 0.46320474
H1_R018.rsml, de5d2866-5779-4faf-b5d2-9e1d00b213e4, lat_30, 3.6869543, 0.0, 13.934016, 12.120033, 1,  Lateral root,  14, 0.5242869
H1_R018.rsml, 1ffa3e30-061d-4d86-96a7-1f9dfc29e133, lat_29, 0.726269, 0.0, 11.571816, 10.1092, 1,  Lateral root,  11, 0.17822525
H1_R018.rsml, 1ffa3e30-061d-4d86-96a7-1f9dfc29e133, lat_29, 5.032014, 0.0, 14.640984, 12.949766, 1,  Lateral root,  14, 1.4352484
H1_R018.rsml, 820c8a08-b62d-4156-81b5-89498597e874, lat_28, 0.8033122, 0.0, 10.09015, 10.145184, 1,  Lateral root,  11, 0.19986467
H1_R018.rsml, 8255980d-cb3b-49b6-b667-a773333e33cf, lat_27, 0.84839547, 0.0, 10.145184, 9.89965, 1,  Lateral root,  11, 0.21141581
H1_R018.rsml, 38dd6c12-c324-464e-b4b8-ef2cc943cbb5, lat_26, 0.45955643, 0.0, 1,  Lateral root,  11, 0.11156449
H1_R018.rsml, 44587716-0434-40ed-8ce5-550b830caa2b, lat_25, 2.2189183, 0.0, 12.799483, 10.473267, 1,  Lateral root,  11, 0.54899114
H1_R018.rsml, 44587716-0434-40ed-8ce5-550b830caa2b, lat_25, 4.6541586, 0.0, 13.883217, 12.45235, 1,  Lateral root,  14, 0.8117468
H1_R018.rsml, 1ec2907e-67e4-4ec7-bb8e-40abb8778e3b, lat_24, 1.1304237, 0.0, 9.961033, 9.7155, 1,  Lateral root,  11, 0.2807725
H1_R018.rsml, fa319f1f-170a-4098-a889-cbb30d041c56, lat_23, 3.0206869, 0.0, 13.279966, 10.862733, 1,  Lateral root,  11, 0.754385
H1_R018.rsml, fa319f1f-170a-4098-a889-cbb30d041c56, lat_23, 4.537853, 0.0, 14.228233, 12.018434, 1,  Lateral root,  14, 0.505722
H1_R018.rsml, a3b41e51-580d-4151-bd5c-d9fc2d88dbd4, lat_22, 0.36645812, 0.0, 11.3792, 8.923866, 1,  Lateral root,  11, 0.08928771
H1_R018.rsml, 4f5b19a9-ced0-4697-a305-17860313dc32, lat_21, 0.3287491, 0.0, 11.332633, 8.720667, 1,  Lateral root,  11, 0.07981258
H1_R018.rsml, 93c56e59-3f3b-4799-a25f-576bbb042b6a, lat_20, 0.5614387, 0.0, 10.416117, 8.8519, 1,  Lateral root,  11, 0.14022973
H1_R018.rsml, 4e17b950-b9f4-4511-b474-d7f85cc51ffd, lat_19, 0.6205959, 0.0, 11.463866, 8.4328, 1,  Lateral root,  11, 0.15378787
H1_R018.rsml, 850825b3-dc25-4955-9b03-da7739d55d5d, lat_18, 1.7798805, 0.0, 9.304867, 8.8392, 1,  Lateral root,  11, 0.441409
H1_R018.rsml, 4197aa0d-4015-4f05-bade-bf2c9513a9bc, lat_17, 1.5116065, 0.0, 9.438216, 8.276167, 1,  Lateral root,  11, 0.37635592
H1_R018.rsml, c3b0838f-8074-48ab-aa4f-b2a2e8527bdc, lat_15, 1.4684271, 0.0, 11.711516, 8.384116, 1,  Lateral root,  11, 0.3635498
H1_R018.rsml, 17fc4d65-d7d9-4be0-b5bd-a53f642243fe, lat_14, 0.47398216, 0.0, 11.311466, 7.008283, 1,  Lateral root,  11, 0.11722547
H1_R018.rsml, d0a332a6-5458-42d3-9cad-9ebef222a351, lat_13, 0.31932753, 0.0, 10.485967, 6.9511333, 1,  Lateral root,  11, 0.07868753
H1_R018.rsml, d9a58daf-6ee2-4f10-93df-816c0f20c052, lat_12, 0.4030296, 0.0, 10.466916, 6.834717, 1,  Lateral root,  11, 0.09854383
H1_R018.rsml, 89c5db40-7a8a-4e3e-9e37-4bcf8074a90c, lat_11, 0.6023907, 0.0, 11.415183, 6.8410664, 1,  Lateral root,  11, 0.14808235
H1_R018.rsml, bab1c649-213b-42a8-b585-2812f4693a13, lat_10, 0.36815068, 0.0, 10.473267, 6.5045166, 1,  Lateral root,  11, 0.09091945
H1_R018.rsml, a5b08385-2f9b-4d91-9407-c678326950f3, lat_9, 0.70081615, 0.0, 10.200216, 6.417733, 1,  Lateral root,  11, 0.17360905
H1_R018.rsml, 11633389-6cb9-4dae-a3bb-cf919f8f7cc6, lat_8, 0.426773, 0.0, 11.419416, 6.1383333, 1,  Lateral root,  11, 0.10451864
H1_R018.rsml, 579448bd-884a-4864-9bff-824cc51fe6bd, lat_7, 0.7655122, 0.0, 11.749617, 6.2399335, 1,  Lateral root,  11, 0.19024655
H1_R018.rsml, 31bd6c2a-8db8-44e8-8874-11d04e4af21c, lat_6, 0.96733797, 0.0, 11.94435, 6.155267, 1,  Lateral root,  11, 0.24010243
H1_R018.rsml, 51d28966-53c8-48b7-a159-86a4341a0e92, lat_5, 0.25003552, 0.0, 10.6807, 5.74675, 1,  Lateral root,  11, 0.06116671
H1_R018.rsml, ffde6712-20b0-41f3-acae-d468c2ed7649, lat_4, 0.20834106, 0.0, 11.192933, 5.42925, 1,  Lateral root,  11, 0.05042349
H1_R018.rsml, 7d01fc85-885b-4279-8291-09218ab0fb3e, lat_4, 0.2175361, 0.0, 10.67435, 5.503333, 1,  Lateral root,  11, 0.054106727
H1_R018.rsml, c9e42fe3-7c30-4f54-abea-7ed136756d31, lat_3, 0.1391583, 0.0, 10.754784, 5.22605, 1,  Lateral root,  11, 0.033962186
H1_R018.rsml, 28af3af0-9731-4f31-acf1-64f412dee8a3, lat_2, 0.32601634, 0.0, 11.216216, 4.9805164, 1,  Lateral root,  11, 0.08016439
H1_R018.rsml, a2562716-4ffd-446b-ad9f-d824c4f83196, lat_1, 0.40664947, 0.0, 11.27125, 2.9464, 1,  Lateral root,  7, 0.100805715
H1_R018.rsml, a2562716-4ffd-446b-ad9f-d824c4f83196, lat_1, 1.0745708, 0.0, 11.91895, 3.0755167, 1,  Lateral root,  11, 0.16698033
H2_R008.rsml, 3e46f417-038e-417d-94af-e82e64f38315, root_0, 1.3011652, 0.0, 10.644716, 4.176183, 0,  Root,  3, 0.42858312
H2_R008.rsml, 3e46f417-038e-417d-94af-e82e64f38315, root_0, 10.745607, 0.0, 10.5536995, 13.584766, 0,  Root,  6, 3.1481473
H2_R008.rsml, 3e46f417-038e-417d-94af-e82e64f38315, root_0, 12.810831, 0.0, 10.5791, 15.6463995, 0,  Root,  10, 0.5163059
H2_R008.rsml, 891425fa-f5c1-4abb-8855-cb13746be8ee, lat_34, 0.24090694, 0.0, 1,  Lateral root,  10, 0.2366253
H2_R008.rsml, 72d84e8d-7548-401b-817a-f991ac514f5a, lat_33, 0.20084067, 0.0, 10.39495, 14.854767, 1,  Lateral root,  10, 0.19846505
H2_R008.rsml, 7f472f83-3b33-40ec-bf76-d81ca23d6198, lat_32, 0.5811301, 0.0, 11.013017, 14.742583, 1,  Lateral root,  13, 0.19185229
H2_R008.rsml, 96c34874-ed58-4a77-9d15-4112d28ca01d, lat_31, 0.50046486, 0.0, 10.0203, 14.3891, 1,  Lateral root,  10, 0.24222103
H2_R008.rsml, 96c34874-ed58-4a77-9d15-4112d28ca01d, lat_31, 1.001261, 0.0, 1,  Lateral root,  13, 0.16693205
H2_R008.rsml, 0adbb0b8-bcbc-4029-b0c0-ca7d317ef0db, lat_30, 0.47427905, 0.0, 11.013017, 14.158383, 1,  Lateral root,  10, 0.15765475
H2_R008.rsml, 0adbb0b8-bcbc-4029-b0c0-ca7d317ef0db, lat_30, 1.6496972, 0.0, 1,  Lateral root,  13, 0.39180604
H2_R008.rsml, c2a42818-268f-4114-97e6-b049cde831e9, lat_29, 1.4386913, 0.0, 10.418233, 14.226116, 1,  Lateral root,  13, 0.20499185
H2_R008.rsml, c2a42818-268f-4114-97e6-b049cde831e9, lat_29, 1.9758111, 0.0, 10.9347, 14.232467, 1,  Lateral root,  15, 0.26855993
H2_R008.rsml, 9901f29e-2ccf-42a0-a98d-799f2ac3ee6e, lat_29, 0.352031, 0.0, 10.879666, 12.858749, 1,  Lateral root,  10, 0.0872664
H2_R008.rsml, 5ffc8be4-7c4e-4a0b-a7b3-413e0cb99376, lat_28, 1.1885113, 0.0, 9.75995, 12.587816, 1,  Lateral root,  10, 0.29701874
H2_R008.rsml, cbd1698b-f8f7-450f-8a3d-d89e5c4ae3bd, lat_28, 0.26177144, 0.0, 10.310284, 10.996083, 1,  Lateral root,  10, 0.06298079
H2_R008.rsml, 5cb59611-59bb-4433-96ab-35ae4fbfac99, lat_27, 0.46804205, 0.0, 11.021483, 10.42035, 1,  Lateral root,  10, 0.11690208
H2_R008.rsml, 3e5aacc1-f3a6-4d63-92ce-790a3c25a560, lat_26, 0.98825645, 0.0, 9.679517, 10.517716, 1,  Lateral root,  10, 0.19590303
H2_R008.rsml, 3e5aacc1-f3a6-4d63-92ce-790a3c25a560, lat_26, 2.5602546, 0.0, 8.430683, 11.434234, 1,  Lateral root,  13, 0.5239994
H2_R008.rsml, 5198b576-ee93-42f0-9d55-4f82f20d767e, lat_25, 0.9052404, 0.0, 11.42365, 10.287, 1,  Lateral root,  10, 0.17995168
H2_R008.rsml, 98441aab-886d-430d-b8c2-d5eadb397192, lat_24, 0.5689255, 0.0, 11.247967, 9.46785, 1,  Lateral root,  10, 0.11325262
H2_R008.rsml, a52ca291-0b43-4af3-8877-a5483c2958a3, lat_23, 1.7666645, 0.0, 9.294283, 10.181167, 1,  Lateral root,  10, 0.35302657
H2_R008.rsml, a52ca291-0b43-4af3-8877-a5483c2958a3, lat_23, 2.2123363, 0.0, 8.945033, 10.454217, 1,  Lateral root,  13, 0.14855726
H2_R008.rsml, 2726fe42-1389-4df6-8d5e-aa21f8e0ca46, lat_22, 1.172253, 0.0, 11.688233, 9.243484, 1,  Lateral root,  10, 0.23349282
H2_R008.rsml, f2c39f37-3924-4dfb-85d4-11a491a0f67b, lat_21, 0.6255898, 0.0, 11.300883, 8.669867, 1,  Lateral root,  10, 0.12303171
H2_R008.rsml, e74d687e-7d2d-4c69-a6ce-a7768316092c, lat_20, 1.1645592, 0.0, 9.609667, 8.93445, 1,  Lateral root,  10, 0.23247762
H2_R008.rsml, e74d687e-7d2d-4c69-a6ce-a7768316092c, lat_20, 2.6832786, 0.0, 8.625417, 10.0584, 1,  Lateral root,  13, 0.5062398
H2_R008.rsml, 89e17e47-9bc7-416b-84a5-9a9d0e84da00, lat_19, 1.0478791, 0.0, 11.675533, 8.384116, 1,  Lateral root,  10, 0.20843041
H2_R008.rsml, b5975fb0-bd31-4510-ac92-b9671c5bf0d5, lat_18, 0.5773986, 0.0, 11.237383, 7.9269166, 1,  Lateral root,  10, 0.11482217
H2_R008.rsml, 9dc0ec17-4314-432c-876d-01d9ec4759a5, lat_17, 0.9674886, 0.0, 1,  Lateral root,  10, 0.19142666
H2_R008.rsml, cc62cf5c-3023-40a6-b985-ee2c291699ca, lat_16, 0.40015554, 0.0, 11.02995, 7.2009, 1,  Lateral root,  10, 0.07868828
H2_R008.rsml, 4e1a948c-0d5c-47e1-b4bc-09b2c685a484, lat_15, 1.3135098, 0.0, 11.88085, 7.32155, 1,  Lateral root,  13, 0.16331525
H2_R008.rsml, a8f2669d-78df-4c3f-b871-7c5da7dd9c3a, lat_14, 2.7242537, 0.0, 8.163983, 8.2296, 1,  Lateral root,  10, 0.5426805
H2_R008.rsml, 8152f954-d2b0-4c8a-8244-b314ea950f1f, lat_13, 1.1751386, 0.0, 11.6586, 7.078133, 1,  Lateral root,  10, 0.23382454
H2_R008.rsml, 8152f954-d2b0-4c8a-8244-b314ea950f1f, lat_13, 1.9107318, 0.0, 12.234333, 7.5099335, 1,  Lateral root,  13, 0.24519773
H2_R008.rsml, 3cc3451e-dc17-4aed-87c7-6473879a5628, lat_12, 0.9341285, 0.0, 11.444817, 5.8949165, 1,  Lateral root,  10, 0.15480219
H2_R008.rsml, 3cc3451e-dc17-4aed-87c7-6473879a5628, lat_12, 3.7351239, 0.0, 1,  Lateral root,  10, Infinity
H2_R008.rsml, 77fe7fa4-7ae1-42c6-b4e3-1eaa0adb0f96, lat_11, 1.513762, 0.0, 11.660716, 6.231467, 1,  Lateral root,  10, 0.25178337
H2_R008.rsml, 77fe7fa4-7ae1-42c6-b4e3-1eaa0adb0f96, lat_11, 6.0530515, 0.0, 1,  Lateral root,  10, Infinity
H2_R008.rsml, 87e1615f-7614-4b8e-b0b6-8601398a2893, lat_10, 1.6451558, 0.0, 8.9852495, 5.2853165, 1,  Lateral root,  10, 0.27262235
H2_R008.rsml, 07f74ef4-b0f5-4afd-8c0f-0b3469c6bc7c, lat_9, 2.0008838, 0.0, 11.707283, 6.237817, 1,  Lateral root,  10, 0.33238474
H2_R008.rsml, 07f74ef4-b0f5-4afd-8c0f-0b3469c6bc7c, lat_9, 7.983909, 0.0, 1,  Lateral root,  10, Infinity
H2_R008.rsml, 4ede99d2-1a0b-4637-bf48-1c317a82e3a8, lat_8, 3.02278, 0.0, 9.044517, 6.14045, 1,  Lateral root,  10, 0.5029347
H2_R008.rsml, 90568bcb-f612-4907-ad98-aec2fb5c1b8b, lat_7, 1.8159925, 0.0, 12.043833, 5.3382335, 1,  Lateral root,  10, 0.3012266
H2_R008.rsml, df3e1965-53a3-4abb-a94b-931d46dab497, lat_6, 1.3396691, 0.0, 9.387417, 4.7921333, 1,  Lateral root,  10, 0.22080106
H2_R008.rsml, df3e1965-53a3-4abb-a94b-931d46dab497, lat_6, 2.647052, 0.0, 8.568267, 5.78485, 1,  Lateral root,  13, 0.43579432
H2_R008.rsml, be4dc43e-9d96-4d4f-b6c1-0763ec9bcd2d, lat_5, 1.2446276, 0.0, 9.408584, 4.32435, 1,  Lateral root,  10, 0.17738701
H2_R008.rsml, be4dc43e-9d96-4d4f-b6c1-0763ec9bcd2d, lat_5, 2.1409297, 0.0, 8.716434, 4.8768, 1,  Lateral root,  13, 0.29876736
H2_R008.rsml, 30989153-d377-497e-a71c-35c45dcc3186, lat_4, 1.0787616, 0.0, 9.508066, 3.5941, 1,  Lateral root,  10, 0.15333378
H2_R008.rsml, b1987c88-e3c1-4b8c-b1b7-00440d5fabd5, lat_3, 2.7888699, 0.0, 12.670366, 5.4758167, 1,  Lateral root,  10, 0.39635974
H2_R008.rsml, 24542d86-cc2a-430c-972c-bc393dc1a7ae, lat_2, 2.9917696, 0.0, 12.697884, 5.4017334, 1,  Lateral root,  10, 0.4257383
H2_R008.rsml, 8de945b7-388d-4a52-aacb-928c36d1543a, lat_1, 3.1930928, 0.0, 13.64615, 4.1063333, 1,  Lateral root,  10, 0.4549624
H2_R008.rsml, 8de945b7-388d-4a52-aacb-928c36d1543a, lat_1, 12.848648, 0.0, 1,  Lateral root,  10, Infinity
H2_R008.rsml, 8de945b7-388d-4a52-aacb-928c36d1543a, lat_1, 12.776438, 0.0, 1,  Lateral root,  10, -Infinity
H3_R016.rsml, 5a58a01e-6245-4b61-881b-629573d98a5b, N3.2, 1.1886121, 0.0, 9.74725, 3.4840333, 0,  Root,  15, 0.39473847
H3_R016.rsml, 38f65798-8237-4cb2-97c5-4f444189a2a4, N2.1, 0.9829168, 0.0, 9.186334, 3.1792333, 0,  Root,  14, 0.32459936
H3_R016.rsml, 521106a2-cf56-4f6a-858f-3a9777a7b231, N3.1, 0.78896856, 0.0, 10.130366, 3.1601832, 0,  Root,  14, 0.19604556
H3_R016.rsml, 521106a2-cf56-4f6a-858f-3a9777a7b231, N3.1, 1.8957458, 0.0, 10.411883, 4.2312164, 0,  Root,  18, 0.2766943
H3_R016.rsml, eea85f39-3b5b-45fe-8f90-c1c3dbde5ae7, N1.1, 0.8904565, 0.0, 10.61085, 3.7719, 0,  Root,  11, 0.44180906
H3_R016.rsml, 2802fed9-814b-4c4c-bec7-55c4cec2bb40, root_0, 1.1820292, 0.0, 10.67435, 3.9137166, 0,  Root,  3, 0.39067766
H3_R016.rsml, 2802fed9-814b-4c4c-bec7-55c4cec2bb40, root_0, 8.455831, 0.0, 10.367434, 11.0871, 0,  Root,  7, 1.8184503
H3_R016.rsml, 2802fed9-814b-4c4c-bec7-55c4cec2bb40, root_0, 8.980257, 0.0, 10.170583, 11.5697, 0,  Root,  11, 0.13110662
H3_R016.rsml, 9dfcfaf2-89a6-4e2e-8ae6-09a7587dbe7d, lat_23, 0.3580762, 0.0, 10.735733, 11.089216, 1,  Lateral root,  11, 0.08570845
H3_R016.rsml, 9dfcfaf2-89a6-4e2e-8ae6-09a7587dbe7d, lat_23, 1.1462882, 0.0, 11.095567, 11.777133, 1,  Lateral root,  14, 0.2627373
H3_R016.rsml, 67f431f6-c5d8-4d3f-afab-593c54235b85, lat_22, 1.2270285, 0.0, 9.444567, 11.5612335, 1,  Lateral root,  14, 0.17415997
H3_R016.rsml, 44f13a54-c6dc-4fcd-b0da-95f02667096f, lat_21, 0.23938198, 0.0, 10.7569, 10.5791, 1,  Lateral root,  11, 0.057842974
H3_R016.rsml, 70a22502-6ed3-4a29-9f47-365ca986d371, lat_20, 0.745719, 0.0, 9.764183, 10.494433, 1,  Lateral root,  14, 0.10605458
H3_R016.rsml, 5647c5da-1b81-46ac-a533-df4bff5c1b1c, lat_19, 0.63993394, 0.0, 11.2268, 10.435166, 1,  Lateral root,  11, 0.12548272
H3_R016.rsml, 24f30c06-d4e9-4c33-869c-8ac31fff678d, lat_18, 0.24754028, 0.0, 10.386483, 9.7409, 1,  Lateral root,  11, 0.048720527
H3_R016.rsml, dbe13a00-5351-4f88-b6cb-c3bb74193028, lat_18, 0.7796255, 0.0, 11.2797165, 9.859433, 1,  Lateral root,  11, 0.15552145
H3_R016.rsml, dbe13a00-5351-4f88-b6cb-c3bb74193028, lat_18, 1.0432246, 0.0, 11.400367, 10.09015, 1,  Lateral root,  14, 0.087866366
H3_R016.rsml, 7a42ba85-ea73-4f57-9683-4768e64ebf8e, lat_17, 0.79735637, 0.0, 11.47445, 9.345083, 1,  Lateral root,  11, 0.1580023
H3_R016.rsml, 6a36a176-c550-4161-be6a-a90abb09cee6, lat_16, 1.2962863, 0.0, 11.7983, 9.440333, 1,  Lateral root,  11, 0.2572879
H3_R016.rsml, df6990e5-e5eb-46a3-ab82-b23c779f3414, lat_15, 0.6495581, 0.0, 11.091333, 9.203266, 1,  Lateral root,  11, 0.12807857
H3_R016.rsml, 7e21934d-e470-4d12-98a7-54aa5e729672, lat_14, 1.5674801, 0.0, 12.1814165, 8.987367, 1,  Lateral root,  11, 0.26008368
H3_R016.rsml, 8a3e2996-4fb4-400b-b3b6-0f4f08454bed, lat_13, 0.67068005, 0.0, 9.95045, 8.403167, 1,  Lateral root,  11, 0.11102975
H3_R016.rsml, 05f8e719-79f4-44a3-8afa-4209764a4099, lat_12, 1.0011903, 0.0, 9.751483, 8.316383, 1,  Lateral root,  11, 0.16660134
H3_R016.rsml, 99c55c7f-a0ab-472f-b351-5037fb7ce697, lat_11, 2.6074386, 0.0, 12.412133, 9.330267, 1,  Lateral root,  11, 0.433219
H3_R016.rsml, 2b8912e8-5e9b-4740-8435-f76dc49c5264, lat_10, 2.7037778, 0.0, 12.1539, 8.682567, 1,  Lateral root,  11, 0.385895
H3_R016.rsml, 078ae6cd-390c-4998-8717-689fdbfe6fc5, lat_9, 1.8566402, 0.0, 11.451166, 7.43585, 1,  Lateral root,  11, 0.2629256
H3_R016.rsml, e2ae333c-1656-4bfd-a5cd-0fe2e84b34e2, lat_8, 1.6250812, 0.0, 11.567583, 6.7437, 1,  Lateral root,  11, 0.23040552
H3_R016.rsml, 6de2a6a2-2787-4945-b4f4-905bec50e471, lat_7, 1.7650602, 0.0, 11.70305, 6.72465, 1,  Lateral root,  11, 0.25184837
H3_R016.rsml, b5c26c13-c888-45af-aa80-f320b34577f4, lat_6, 0.36562425, 0.0, 11.006666, 4.3751497, 1,  Lateral root,  7, 0.11760536
H3_R016.rsml, da36cebf-4b3b-49ce-86e3-0d6120ff2e00, lat_4, 1.6779468, 0.0, 12.416367, 4.080933, 1,  Lateral root,  11, 0.20894763
H3_R016.rsml, da36cebf-4b3b-49ce-86e3-0d6120ff2e00, lat_4, 2.931164, 0.0, 11.9126, 5.01015, 1,  Lateral root,  14, 0.41773906
H3_R016.rsml, 070d8b57-7e20-458d-8059-3ee3784353db, lat_3, 0.29705802, 0.0, 10.399183, 3.5009665, 1,  Lateral root,  7, 0.06953443
H3_R016.rsml, 070d8b57-7e20-458d-8059-3ee3784353db, lat_3, 1.1722733, 0.0, 9.560984, 3.7443833, 1,  Lateral root,  11, 0.21880382
H3_R016.rsml, 3d014f4e-e201-4a36-9876-8bdeeb4da96d, lat_2, 1.4103909, 0.0, 12.175067, 3.8502166, 1,  Lateral root,  11, 0.17613737
H3_R016.rsml, 3d014f4e-e201-4a36-9876-8bdeeb4da96d, lat_2, 2.9864118, 0.0, 13.267266, 4.9318333, 1,  Lateral root,  14, 0.5253403
H3_R016.rsml, 6a4e5f10-2ccf-4cfd-9225-267892d3aa3b, lat_1, 0.87736905, 0.0, 11.510433, 3.1538334, 1,  Lateral root,  7, 0.21606953
H3_R016.rsml, 6a4e5f10-2ccf-4cfd-9225-267892d3aa3b, lat_1, 4.7928123, 0.0, 14.0208, 6.0557833, 1,  Lateral root,  11, 0.97886086
J1_R002.rsml, f394b091-0354-48d6-b847-c5fdf836d6c9, root_0, 1.953041, 0.0, 10.938933, 4.9381833, 0,  Root,  3, 0.6464991
J1_R002.rsml, f394b091-0354-48d6-b847-c5fdf836d6c9, root_0, 3.638306, 0.0, 10.913533, 6.614583, 0,  Root,  7, 0.42131624
J1_R002.rsml, f394b091-0354-48d6-b847-c5fdf836d6c9, root_0, 4.1444855, 0.0, 10.81405, 7.1077666, 0,  Root,  11, 0.1265449
J1_R002.rsml, 291bd362-dafd-4796-814c-32d21cba1dab, lat_20, 1.9268137, 0.0, 10.189633, 7.9756, 1,  Lateral root,  11, 0.48037717
J1_R002.rsml, 8236c71f-0e14-4689-8df9-c2d585c607c7, lat_19, 0.6632715, 0.0, 11.4321165, 6.6950164, 1,  Lateral root,  11, 0.1648697
J1_R002.rsml, 79cf979b-9214-44cd-a694-35c97d7a338c, lat_18, 1.334553, 0.0, 11.71575, 7.0231, 1,  Lateral root,  11, 0.26466197
J1_R002.rsml, 222f99a4-cc95-4346-b84b-b93815b3e989, lat_17, 2.2729604, 0.0, 10.145184, 8.094133, 1,  Lateral root,  11, 0.4539732
J1_R002.rsml, fa6083c7-517d-4364-a8cf-e5023a3d27ba, lat_14, 0.6607838, 0.0, 11.459633, 5.7975497, 1,  Lateral root,  11, 0.109391
J1_R002.rsml, 6028e2fc-9c8b-43ad-88ce-16bbe49c9352, lat_13, 2.2891045, 0.0, 10.1557665, 7.3025, 1,  Lateral root,  11, 0.3796233
J1_R002.rsml, 98230ab4-d118-47d9-a854-545ece33ff20, lat_12, 0.87034065, 0.0, 11.41095, 5.7023, 1,  Lateral root,  11, 0.12316226
J1_R002.rsml, c9435494-9967-42e0-8e2e-d33c6929676d, lat_11, 0.72978395, 0.0, 10.28065, 5.1308, 1,  Lateral root,  11, 0.09034304
J1_R002.rsml, d598aad5-281f-4854-9132-2b656bd1d397, lat_10, 0.38486132, 0.0, 10.524067, 4.607983, 1,  Lateral root,  11, 0.046991944
J1_R002.rsml, cde610ab-a1dc-4478-a30c-c22662021dfb, lat_9, 0.38266662, 0.0, 11.3411, 4.8725667, 1,  Lateral root,  7, 0.09500815
J1_R002.rsml, cde610ab-a1dc-4478-a30c-c22662021dfb, lat_9, 1.1148416, 0.0, 11.667067, 5.496983, 1,  Lateral root,  11, 0.18304375
J1_R002.rsml, b84b81a8-c890-4f42-bbf6-c496e2c0814c, lat_8, 0.40502375, 0.0, 10.511367, 4.510617, 1,  Lateral root,  11, 0.050285246
J1_R002.rsml, bb53e5b0-0e36-4618-bc3d-93150d4e1696, lat_7, 0.31697947, 0.0, 11.38555, 4.398433, 1,  Lateral root,  7, 0.07746432
J1_R002.rsml, bb53e5b0-0e36-4618-bc3d-93150d4e1696, lat_7, 1.2398262, 0.0, 11.832167, 5.1435, 1,  Lateral root,  11, 0.23071168
J1_R002.rsml, 9b6d8138-f5a1-4af8-80e0-24801d54a22a, lat_6, 0.48771378, 0.0, 11.557, 4.3518667, 1,  Lateral root,  7, 0.12025599
J1_R002.rsml, 9b6d8138-f5a1-4af8-80e0-24801d54a22a, lat_6, 1.6450746, 0.0, 12.234333, 5.22605, 1,  Lateral root,  11, 0.2893402
J1_R002.rsml, 8215939d-ac75-4a63-a52d-3b1f2d7af7ed, lat_5, 0.35644373, 0.0, 11.413067, 4.1296167, 1,  Lateral root,  7, 0.08818818
J1_R002.rsml, 48d1615e-5307-49de-bb9b-768909383248, lat_4, 0.49138033, 0.0, 10.519834, 4.22275, 1,  Lateral root,  7, 0.10887542
J1_R002.rsml, 48d1615e-5307-49de-bb9b-768909383248, lat_4, 0.9741639, 0.0, 10.1727, 4.5550666, 1,  Lateral root,  11, 0.12069589
J1_R002.rsml, 6b2d9267-9577-41f8-992f-e8032f6b6a4c, lat_3, 0.22779997, 0.0, 11.218333, 3.75285, 1,  Lateral root,  7, 0.05374934
J1_R002.rsml, 868ba5e8-e38e-4cad-b6d5-72c534990fea, lat_2, 0.35017663, 0.0, 10.551583, 3.5306, 1,  Lateral root,  7, 0.08574937
J1_R002.rsml, f2b09c42-703f-4244-ab96-51688ef9b4ff, lat_1, 0.31548774, 0.0, 11.190817, 3.43535, 1,  Lateral root,  7, 0.076767705
J2_R001.rsml, 7b0da058-fbb0-4b73-950e-5561a55f6f66, root_0, 17.704973, 0.0, 8.523816, 21.4884, 0,  Root,  7, 3.6866913
J2_R001.rsml, 3f292044-6a91-495b-8c80-b7f5e5de8ba8, lat_32, 0.33433783, 0.0, 1,  Lateral root,  11, 0.07984814
J2_R001.rsml, 9e04bd28-d22d-4346-9127-be502767d45a, lat_31, 0.26708692, 0.0, 1,  Lateral root,  11, 0.06434661
J2_R001.rsml, 283d2368-c4ff-4958-8206-e378a562cc76, lat_30, 0.19186042, 0.0, 8.320617, 20.963467, 1,  Lateral root,  11, 0.045632396
J2_R001.rsml, bd727819-a92d-43fa-8478-cc914f71c23d, lat_29, 0.71428645, 0.0, 9.021234, 21.029083, 1,  Lateral root,  11, 0.17442647
J2_R001.rsml, 7ee811d9-3eb0-46a5-91f9-537f8238ae4f, lat_28, 0.57441455, 0.0, 8.466666, 18.887016, 1,  Lateral root,  11, 0.14206539
J2_R001.rsml, 2ee183a8-e217-49c1-9098-900e6c3f8d3d, lat_27, 0.31416327, 0.0, 9.616016, 17.76095, 1,  Lateral root,  11, 0.061670233
J2_R001.rsml, d6e89c06-b4d7-4bb9-82da-1d54f4acfbdf, lat_26, 1.6141058, 0.0, 8.136467, 17.87525, 1,  Lateral root,  11, 0.32173124
J2_R001.rsml, d42e745c-c925-4798-b066-2f6c3150a941, lat_25, 0.52896035, 0.0, 10.041467, 16.9799, 1,  Lateral root,  11, 0.10550165
J2_R001.rsml, fa29bf08-8628-40a8-b1f7-6476eb39f206, lat_24, 0.7359972, 0.0, 8.942917, 16.603132, 1,  Lateral root,  11, 0.14446492
J2_R001.rsml, dee180f6-220d-43b9-b50a-2a5e3f8470a7, lat_23, 0.83353716, 0.0, 10.4648, 16.40205, 1,  Lateral root,  11, 0.16322426
J2_R001.rsml, 9328ede3-8286-4e4f-93c3-863630003b6b, lat_22, 1.1126078, 0.0, 1,  Lateral root,  11, 0.21968973
J2_R001.rsml, 6498f926-2896-4933-b9fe-19718897e6ef, lat_21, 0.31555352, 0.0, 9.508066, 15.282333, 1,  Lateral root,  11, 0.0758159
J2_R001.rsml, e7ddf786-259e-4ae1-af4d-308e7a6fa23a, lat_20, 0.69168365, 0.0, 9.1567, 14.6748495, 1,  Lateral root,  11, 0.13827543
J2_R001.rsml, 57ab2095-70cd-4619-a3df-f6bee5e50dbf, lat_19, 0.64088863, 0.0, 10.519834, 14.8209, 1,  Lateral root,  11, 0.12554611
J2_R001.rsml, 018db2e0-9964-48e2-a579-a300ecca6686, lat_18, 1.0400594, 0.0, 9.158816, 14.564783, 1,  Lateral root,  11, 0.20679636
J2_R001.rsml, e44282eb-9d0b-4341-87be-34911c6d49b1, lat_17, 1.8745046, 0.0, 8.557683, 12.80795, 1,  Lateral root,  14, 0.20796567
J2_R001.rsml, 691e76ea-7289-4e16-bb21-3cc01804dbf0, lat_16, 0.5896733, 0.0, 10.930467, 12.2512665, 1,  Lateral root,  7, 0.2902418
J2_R001.rsml, e5716e84-c694-48dd-95df-dedfe86a7df8, lat_15, 0.45052734, 0.0, 1,  Lateral root,  7, 0.21850339
J2_R001.rsml, 110fe95d-221d-47a1-bd82-2c039bc4476e, lat_14, 1.5312799, 0.0, 9.171516, 11.595099, 1,  Lateral root,  11, 0.25447887
J2_R001.rsml, 801d88de-845b-44c3-bfb9-385ef7d4d267, lat_13, 1.2502474, 0.0, 9.124949, 10.2743, 1,  Lateral root,  11, 0.20766354
J2_R001.rsml, 9796e2c0-625c-466f-8873-42c00eace6f4, lat_12, 0.924174, 0.0, 1,  Lateral root,  7, 0.3060478
J2_R001.rsml, 328459a6-ff42-4a90-b816-939510bed34f, lat_11, 0.83614016, 0.0, 9.2837, 9.920816, 1,  Lateral root,  7, 0.27147087
J2_R001.rsml, 328459a6-ff42-4a90-b816-939510bed34f, lat_11, 1.7201036, 0.0, 8.856133, 10.657416, 1,  Lateral root,  11, 0.22099087
J2_R001.rsml, a9c238e7-cb9a-40ca-883b-42ce2357145c, lat_10, 2.4411285, 0.0, 10.8077, 10.6828165, 1,  Lateral root,  11, 0.3465983
J2_R001.rsml, 1116bea0-77c5-4b82-89a4-234c99cc5a68, lat_9, 0.6417278, 0.0, 9.368366, 9.596967, 1,  Lateral root,  7, 0.20961122
J2_R001.rsml, 1116bea0-77c5-4b82-89a4-234c99cc5a68, lat_9, 2.3243253, 0.0, 8.100483, 10.665883, 1,  Lateral root,  11, 0.42064938
J2_R001.rsml, 5c7d36e3-d90f-4a91-bdf9-1837e6bb804b, lat_8, 0.40525705, 0.0, 9.304867, 8.860367, 1,  Lateral root,  7, 0.13250497
J2_R001.rsml, 5c7d36e3-d90f-4a91-bdf9-1837e6bb804b, lat_8, 2.925961, 0.0, 7.5141664, 10.5029, 1,  Lateral root,  11, 0.630176
J2_R001.rsml, f378904d-0c8a-49c4-97fc-ff0daf8edb5d, lat_7, 0.48171026, 0.0, 9.914467, 8.443383, 1,  Lateral root,  7, 0.15609138
J2_R001.rsml, f378904d-0c8a-49c4-97fc-ff0daf8edb5d, lat_7, 2.9949753, 0.0, 11.533716, 10.073216, 1,  Lateral root,  11, 0.6283163
J2_R001.rsml, f378904d-0c8a-49c4-97fc-ff0daf8edb5d, lat_7, 3.6645362, 0.0, 11.120967, 10.56005, 1,  Lateral root,  14, 0.22318697
J2_R001.rsml, b3a3b5cb-c83d-4903-89cb-d6f98830a205, lat_6, 0.50353, 0.0, 8.925983, 8.117416, 1,  Lateral root,  7, 0.16345358
J2_R001.rsml, b3a3b5cb-c83d-4903-89cb-d6f98830a205, lat_6, 2.1962469, 0.0, 7.6157665, 8.898466, 1,  Lateral root,  11, 0.4231792
J2_R001.rsml, 99c44477-3900-484c-83a4-86ba47d82588, lat_5, 0.5323536, 0.0, 10.005484, 8.176683, 1,  Lateral root,  7, 0.17282052
J2_R001.rsml, 99c44477-3900-484c-83a4-86ba47d82588, lat_5, 3.9870026, 0.0, 12.221633, 10.646833, 1,  Lateral root,  11, 0.86366224
J2_R001.rsml, 99c44477-3900-484c-83a4-86ba47d82588, lat_5, 4.8866787, 0.0, 12.206817, 11.222567, 1,  Lateral root,  14, 0.29989204
J2_R001.rsml, 214a975e-a159-4c7c-9062-7a08536bffdb, lat_4, 0.5560088, 0.0, 9.745133, 7.3998666, 1,  Lateral root,  7, 0.13525523
J2_R001.rsml, 94ec2997-b320-4d53-accc-942abb288e7e, lat_3, 0.6872293, 0.0, 9.948333, 7.090833, 1,  Lateral root,  7, 0.17020263
J2_R001.rsml, d9d69935-4dbe-4f1c-8b67-c5c5d000e5c6, lat_2, 0.91396546, 0.0, 10.119783, 5.4864, 1,  Lateral root,  7, 0.18108194
J2_R001.rsml, d9d69935-4dbe-4f1c-8b67-c5c5d000e5c6, lat_2, 1.8255417, 0.0, 10.3759, 6.2949667, 1,  Lateral root,  11, 0.22789407
J2_R001.rsml, 6913a98d-eca8-4c85-9323-0eb539fb94bf, lat_1, 1.1550825, 0.0, 10.100733, 5.5626, 1,  Lateral root,  7, 0.229092
J2_R001.rsml, 6913a98d-eca8-4c85-9323-0eb539fb94bf, lat_1, 2.465012, 0.0, 10.29335, 6.8072, 1,  Lateral root,  11, 0.3274824
J3_R020.rsml, ece74340-0e1d-4313-9bf8-1c3f70673c3a, root_0, 0.9628018, 0.0, 10.263717, 4.684183, 0,  Root,  3, 0.31679353
J3_R020.rsml, ece74340-0e1d-4313-9bf8-1c3f70673c3a, root_0, 11.584344, 0.0, 10.907184, 15.14475, 0,  Root,  7, 2.6553855
J3_R020.rsml, ece74340-0e1d-4313-9bf8-1c3f70673c3a, root_0, 13.401376, 0.0, 10.818283, 16.946033, 0,  Root,  11, 0.45425797
J3_R020.rsml, ece74340-0e1d-4313-9bf8-1c3f70673c3a, root_0, 13.67392, 0.0, 0,  Root,  14, 0.09084797
J3_R020.rsml, ec71bd6b-133c-43f2-a255-b21e102692af, lat_16, 0.6966165, 0.0, 11.146366, 17.145, 1,  Lateral root,  14, 0.13890922
J3_R020.rsml, 7e40f60e-013a-42fa-b0ac-e478db905f93, lat_15, 1.5948192, 0.0, 11.2395, 16.918516, 1,  Lateral root,  14, 0.26505765
J3_R020.rsml, aa1794aa-f968-4e5d-9076-d347257636df, lat_14, 0.97442216, 0.0, 11.338984, 15.9744835, 1,  Lateral root,  11, 0.24214286
J3_R020.rsml, aa1794aa-f968-4e5d-9076-d347257636df, lat_14, 1.4318202, 0.0, 11.36015, 16.429567, 1,  Lateral root,  14, 0.152466
J3_R020.rsml, b47f44d3-7910-4f1a-85c1-1d7b30942d4e, lat_13, 0.99089855, 0.0, 11.5697, 15.828433, 1,  Lateral root,  11, 0.24649604
J3_R020.rsml, b47f44d3-7910-4f1a-85c1-1d7b30942d4e, lat_13, 2.2831619, 0.0, 11.8300495, 17.026466, 1,  Lateral root,  14, 0.43075442
J3_R020.rsml, 3c8065f6-4144-4331-97f8-4cffb5275390, lat_12, 0.42177808, 0.0, 10.668, 15.256933, 1,  Lateral root,  11, 0.08433761
J3_R020.rsml, ab897ab0-9fa3-4775-909b-d936fcdddcc7, lat_11, 0.591567, 0.0, 11.355917, 12.257616, 1,  Lateral root,  11, 0.0952406
J3_R020.rsml, 09297686-eefc-46fe-bf4f-4fdfd9d331cf, lat_10, 2.0206823, 0.0, 9.529233, 12.841817, 1,  Lateral root,  11, 0.33666864
J3_R020.rsml, 7effdd26-5375-43e8-9568-e689b0886d27, lat_9, 0.39538863, 0.0, 1,  Lateral root,  11, 0.05601685
J3_R020.rsml, f64d8930-4e72-4fa3-baf1-3688e66e8ace, lat_8, 0.34763795, 0.0, 10.405533, 9.859433, 1,  Lateral root,  11, 0.049012337
J3_R020.rsml, 25c451b3-f264-4cf0-9ef4-dd6d9be21676, lat_7, 0.9726351, 0.0, 11.5612335, 9.944099, 1,  Lateral root,  11, 0.13792022
J3_R020.rsml, d8618ac5-ee66-43a2-acd9-d88a0ac007b6, lat_6, 0.4830099, 0.0, 11.2268, 9.51865, 1,  Lateral root,  11, 0.06760936
J3_R020.rsml, b1a57302-40fb-45f5-8dbc-cd55b86ef03b, lat_5, 0.3253359, 0.0, 10.4372835, 9.345083, 1,  Lateral root,  11, 0.045907963
J3_R020.rsml, 625b5791-48a4-4a70-99bb-8d51ff63cd83, lat_4, 0.45248413, 0.0, 11.231033, 9.205383, 1,  Lateral root,  11, 0.063741215
J3_R020.rsml, 31657402-fac9-4c83-bf50-7a0f3861be76, lat_4, 0.4208298, 0.0, 10.098617, 5.8547, 1,  Lateral root,  7, 0.10342075
J3_R020.rsml, 93226b30-75c7-4774-bc55-01db699ab152, lat_3, 0.97625625, 0.0, 10.964334, 6.0600166, 1,  Lateral root,  7, 0.23982996
J3_R020.rsml, 93226b30-75c7-4774-bc55-01db699ab152, lat_3, 2.272449, 0.0, 11.713634, 7.0823665, 1,  Lateral root,  11, 0.3240482
J3_R020.rsml, 01d30b18-4658-4084-a99a-ce0841cdcf77, lat_2, 0.7289542, 0.0, 9.539817, 5.1202164, 1,  Lateral root,  7, 0.18197978
J3_R020.rsml, 19bae8ca-51c2-472b-a29f-0bcc79131448, lat_1, 0.84306943, 0.0, 11.008783, 4.76885, 1,  Lateral root,  7, 0.16746047
J3_R020.rsml, 19bae8ca-51c2-472b-a29f-0bcc79131448, lat_1, 2.2932358, 0.0, 11.6713, 5.9647665, 1,  Lateral root,  11, 0.3625416
S1_R022.rsml, 4cc983be-fd6a-402d-9ad5-04ca68b1c231, root_0, 0.24123175, 0.0, 10.562166, 3.3358667, 0,  Root,  3, 0.07897483
S1_R022.rsml, 4cc983be-fd6a-402d-9ad5-04ca68b1c231, root_0, 1.0996356, 0.0, 10.551583, 4.1804166, 0,  Root,  7, 0.21460097
S1_R022.rsml, 4cc983be-fd6a-402d-9ad5-04ca68b1c231, root_0, 2.5151374, 0.0, 10.646833, 5.579533, 0,  Root,  11, 0.35387546
S1_R022.rsml, 4cc983be-fd6a-402d-9ad5-04ca68b1c231, root_0, 7.050284, 0.0, 10.822516, 10.073216, 0,  Root,  14, 1.5117155
S1_R022.rsml, 9aedee66-8117-4114-bbe1-4bcd9fbe824a, lat_4, 1.9602193, 0.0, 10.786533, 5.54355, 1,  Lateral root,  11, 0.32604426
S1_R022.rsml, 9aedee66-8117-4114-bbe1-4bcd9fbe824a, lat_4, 6.371135, 0.0, 11.523133, 9.878483, 1,  Lateral root,  14, 1.4703053
S1_R022.rsml, 19aa42ec-7f4f-407f-89f1-4b5f8366843e, lat_3, 1.9478387, 0.0, 9.939867, 5.786967, 1,  Lateral root,  11, 0.38887188
S1_R022.rsml, 19aa42ec-7f4f-407f-89f1-4b5f8366843e, lat_3, 5.477976, 0.0, 10.166349, 9.2837, 1,  Lateral root,  14, 1.1767124
S1_R022.rsml, e53a4725-8235-441b-9e28-26e6efaae3dc, lat_2, 0.7302243, 0.0, 10.843683, 3.9031334, 1,  Lateral root,  11, 0.089738116
S1_R022.rsml, 68b77972-ad76-4c78-a0c2-efd079af69de, lat_1, 1.1138147, 0.0, 10.174816, 4.2714334, 1,  Lateral root,  11, 0.1374831
S2_R026.rsml, 6f835998-490d-43f1-b309-ddfdfa65dc8e, root_0, 1.2886744, 0.0, 10.428817, 4.0026164, 0,  Root,  3, 0.42745218
S2_R026.rsml, 6f835998-490d-43f1-b309-ddfdfa65dc8e, root_0, 14.231873, 0.0, 9.69645, 16.73225, 0,  Root,  7, 3.2357996
S2_R026.rsml, 6f835998-490d-43f1-b309-ddfdfa65dc8e, root_0, 18.630692, 0.0, 9.850966, 21.103167, 0,  Root,  11, 1.0997047
S2_R026.rsml, 172eec9a-4c51-4e7f-ad11-b3e0549973c1, lat_19, 0.5279835, 0.0, 10.11555, 17.987432, 1,  Lateral root,  14, 0.08549675
S2_R026.rsml, 2c3c2489-3dec-4466-acec-3330cbeb5d5f, lat_18, 0.454963, 0.0, 9.211733, 15.938499, 1,  Lateral root,  11, 0.08762554
S2_R026.rsml, 2c3c2489-3dec-4466-acec-3330cbeb5d5f, lat_18, 0.96386003, 0.0, 9.02335, 16.317383, 1,  Lateral root,  14, 0.16963236
S2_R026.rsml, 05205c02-2573-4e54-8019-1953891977ed, lat_17, 0.35421538, 0.0, 9.304867, 15.2781, 1,  Lateral root,  11, 0.068078205
S2_R026.rsml, b030fe87-1de7-4f34-9f10-ed582fd8c668, lat_16, 0.64985514, 0.0, 10.219267, 15.311967, 1,  Lateral root,  11, 0.12742175
S2_R026.rsml, b030fe87-1de7-4f34-9f10-ed582fd8c668, lat_16, 1.5191305, 0.0, 1,  Lateral root,  14, 0.28975844
S2_R026.rsml, a4e4158e-fda1-4143-8276-d262565b299b, lat_15, 0.53138626, 0.0, 9.986433, 13.51915, 1,  Lateral root,  11, 0.10531868
S2_R026.rsml, 759b13a2-3a1a-4776-9d29-35d61bc6e0a0, lat_14, 1.3064519, 0.0, 10.59815, 13.2820835, 1,  Lateral root,  11, 0.21685869
S2_R026.rsml, 53e2337e-0b9d-4d1b-844f-22cca49df586, lat_13, 0.47102895, 0.0, 9.196917, 12.048066, 1,  Lateral root,  11, 0.07843273
S2_R026.rsml, b6181e82-e8fb-4592-a4b3-1e58c0427c9f, lat_12, 0.6582448, 0.0, 9.025467, 11.88085, 1,  Lateral root,  11, 0.10909245
S2_R026.rsml, b6181e82-e8fb-4592-a4b3-1e58c0427c9f, lat_12, 1.9454037, 0.0, 8.0602665, 12.670366, 1,  Lateral root,  14, 0.42905298
S2_R026.rsml, 416529f3-7986-4de6-bed7-14294459ce36, lat_11, 0.8515969, 0.0, 8.911166, 11.1505995, 1,  Lateral root,  11, 0.14053757
S2_R026.rsml, ebfb7811-7190-4b6e-8997-87ed0aa98c41, lat_10, 0.9300494, 0.0, 9.9187, 11.05535, 1,  Lateral root,  11, 0.15349308
S2_R026.rsml, b10780f6-7d0b-40c5-8c26-91663b1249e2, lat_9, 0.2665183, 0.0, 9.859433, 10.26795, 1,  Lateral root,  11, 0.043061137
S2_R026.rsml, 9a303f37-4b9a-438c-a875-e8b346f7d98f, lat_8, 0.36991826, 0.0, 10.138833, 10.047816, 1,  Lateral root,  11, 0.060233567
S2_R026.rsml, 0c42a276-25ad-4641-8a6f-e3f627e7ea8a, lat_7, 0.26591513, 0.0, 9.965266, 5.32765, 1,  Lateral root,  7, 0.08636143
S2_R026.rsml, 173894c6-9ef4-4d29-9711-cdfc6f386751, lat_6, 0.2967463, 0.0, 10.668, 5.2726164, 1,  Lateral root,  7, 0.0981527
S2_R026.rsml, 531dee0f-e6c3-4306-aa1e-57ef6b9041f8, lat_5, 0.28222147, 0.0, 10.7188, 4.8598666, 1,  Lateral root,  7, 0.091392405
S2_R026.rsml, 67f4f44f-b814-4d0f-9c1e-55b6f20a4250, lat_4, 0.53837544, 0.0, 10.081683, 4.78155, 1,  Lateral root,  7, 0.13260867
S2_R026.rsml, 42f06d87-1c8d-476d-abb6-55a578b73a80, lat_3, 0.49698004, 0.0, 10.0203, 4.3201165, 1,  Lateral root,  7, 0.1220248
S2_R026.rsml, 42f06d87-1c8d-476d-abb6-55a578b73a80, lat_3, 0.95466495, 0.0, 9.666817, 4.6101, 1,  Lateral root,  11, 0.114421226
S2_R026.rsml, e53b259b-1a49-4513-b2dc-7094da84100a, lat_2, 0.48453376, 0.0, 9.764183, 3.6322, 1,  Lateral root,  7, 0.096113265
S2_R026.rsml, 5784929f-963d-4521-b1b5-ebc4949a3737, lat_1, 0.97036153, 0.0, 9.414933, 3.6470165, 1,  Lateral root,  7, 0.160983
S2_R026.rsml, 5784929f-963d-4521-b1b5-ebc4949a3737, lat_1, 1.9127986, 0.0, 8.957733, 4.42595, 1,  Lateral root,  11, 0.23560928
S3_R004.rsml, 338abfaf-1ecf-4cb5-a045-64b487065395, root_0, 1.4904346, 0.0, 10.9855, 4.586817, 0,  Root,  3, 0.49518916
S3_R004.rsml, 338abfaf-1ecf-4cb5-a045-64b487065395, root_0, 11.011296, 0.0, 10.411883, 14.0313835, 0,  Root,  7, 2.3802154
S3_R004.rsml, 338abfaf-1ecf-4cb5-a045-64b487065395, root_0, 16.902746, 0.0, 10.066867, 19.803534, 0,  Root,  11, 1.4728625
S3_R004.rsml, 109f987c-e0ab-4773-8716-5741e1a756ad, lat_22, 0.98845464, 0.0, 11.146366, 13.764683, 1,  Lateral root,  11, 0.19572918
S3_R004.rsml, 63b22fcc-b33a-46ee-9778-b9fe76b76c88, lat_21, 0.7978798, 0.0, 11.216216, 13.286317, 1,  Lateral root,  11, 0.15930112
S3_R004.rsml, e34bd1c5-2494-426e-9a70-66d47b4259ac, lat_20, 0.8477338, 0.0, 11.269134, 13.233399, 1,  Lateral root,  11, 0.16853467
S3_R004.rsml, 9931f46a-50bd-43c8-b1c6-c03d31f55256, lat_19, 1.1463004, 0.0, 11.77925, 12.431183, 1,  Lateral root,  11, 0.2280544
S3_R004.rsml, 5836bb7a-3f15-40fb-b791-a9d962572466, lat_18, 0.79352343, 0.0, 1,  Lateral root,  11, 0.15736964
S3_R004.rsml, eb97cb62-a9dc-4b13-8ee3-5405c0ca20ac, lat_17, 1.5026008, 0.0, 12.062883, 12.484099, 1,  Lateral root,  11, 0.2981618
S3_R004.rsml, 8b5c24a9-d9e9-487c-a756-9c2a6f782063, lat_16, 1.5789924, 0.0, 9.044517, 11.364383, 1,  Lateral root,  11, 0.3153227
S3_R004.rsml, 8b5c24a9-d9e9-487c-a756-9c2a6f782063, lat_16, 2.4579823, 0.0, 8.240183, 11.6776495, 1,  Lateral root,  14, 0.29299664
S3_R004.rsml, ac4166d6-11cb-43c9-b657-cd55c37709e7, lat_15, 0.48136672, 0.0, 11.2014, 10.759017, 1,  Lateral root,  11, 0.09502469
S3_R004.rsml, a63cc274-6f79-4196-ae03-1c55faccb78c, lat_14, 0.6221169, 0.0, 10.22985, 8.8265, 1,  Lateral root,  11, 0.101941995
S3_R004.rsml, dbe5d3a4-abb0-4a73-a5a4-9d9fdaba25de, lat_13, 0.8790919, 0.0, 10.003366, 8.081433, 1,  Lateral root,  11, 0.14610748
S3_R004.rsml, 660aed56-9c79-47c4-aad4-8e1d423abd9c, lat_12, 0.38490668, 0.0, 1,  Lateral root,  11, 0.062930875
S3_R004.rsml, 5bc38b85-3f0d-4208-ad5a-a6a8a015b88d, lat_11, 0.4283626, 0.0, 11.176, 7.5522666, 1,  Lateral root,  11, 0.07119034
S3_R004.rsml, 5e61ebce-7e3f-4cf7-a839-2472905d4187, lat_10, 0.31399298, 0.0, 10.54735, 6.5659, 1,  Lateral root,  7, 0.10393533
S3_R004.rsml, 5e61ebce-7e3f-4cf7-a839-2472905d4187, lat_10, 1.1402875, 0.0, 9.8043995, 6.90245, 1,  Lateral root,  11, 0.20657364
S3_R004.rsml, 6a323206-2424-4304-851f-c2fa04103509, lat_9, 0.5165925, 0.0, 11.3792, 6.493933, 1,  Lateral root,  7, 0.17081648
S3_R004.rsml, 6a323206-2424-4304-851f-c2fa04103509, lat_9, 0.9912335, 0.0, 11.667067, 6.82625, 1,  Lateral root,  11, 0.118660256
S3_R004.rsml, 9eb7a24e-19b7-47ed-a250-8f24255e6e93, lat_8, 0.369837, 0.0, 10.668, 5.842, 1,  Lateral root,  7, 0.12159955
S3_R004.rsml, 7f479b2c-c4e6-4734-86e8-60a82db244f4, lat_7, 0.29626212, 0.0, 10.824634, 5.655733, 1,  Lateral root,  7, 0.097674094
S3_R004.rsml, 7f479b2c-c4e6-4734-86e8-60a82db244f4, lat_7, 0.85992694, 0.0, 10.3632, 5.9711165, 1,  Lateral root,  11, 0.1409162
S3_R004.rsml, b7a846f5-830d-4002-8dd6-839a96883279, lat_6, 0.3314129, 0.0, 11.209867, 5.2451, 1,  Lateral root,  7, 0.109752595
S3_R004.rsml, b8c93a57-9db3-4158-ae56-5c55eb424bbb, lat_5, 0.6026401, 0.0, 10.57275, 5.0905833, 1,  Lateral root,  7, 0.14994787
S3_R004.rsml, b8c93a57-9db3-4158-ae56-5c55eb424bbb, lat_5, 1.2523001, 0.0, 10.632016, 5.731933, 1,  Lateral root,  11, 0.16241501
S3_R004.rsml, 89f52aca-7876-4ed7-99e7-6b39b0430f17, lat_4, 0.5851591, 0.0, 10.59815, 4.8683333, 1,  Lateral root,  7, 0.14486974
S3_R004.rsml, 89f52aca-7876-4ed7-99e7-6b39b0430f17, lat_4, 1.0285972, 0.0, 10.619316, 5.3043666, 1,  Lateral root,  11, 0.11085953
S3_R004.rsml, 58f3c834-ec56-4660-a11a-af169c2a9e05, lat_3, 0.715183, 0.0, 11.535833, 4.3476334, 1,  Lateral root,  7, 0.1779099
S3_R004.rsml, 92bad41c-1956-4e8c-8214-5b99d0fbd5d3, lat_2, 0.95345247, 0.0, 11.612033, 4.3264666, 1,  Lateral root,  7, 0.19059943
S3_R004.rsml, eb17aca2-ebde-4c9a-96f4-5cf498b0a9da, lat_1, 1.1859418, 0.0, 10.06475, 4.4174833, 1,  Lateral root,  7, 0.19727194
V1_R024.rsml, 5747a4e4-1bd9-4c03-a457-88f43d7fff36, N1.2, 2.0203114, 0.0, 11.984567, 5.204883, 0,  Root,  14, 0.17831595
V1_R024.rsml, 4ff24ca1-05eb-4e07-9f39-041b5fdb6077, root_0, 1.6042054, 0.0, 9.857317, 4.8873835, 0,  Root,  3, 0.533119
V1_R024.rsml, 4ff24ca1-05eb-4e07-9f39-041b5fdb6077, root_0, 4.515292, 0.0, 9.779, 7.7681665, 0,  Root,  7, 0.7277717
V1_R024.rsml, 4ff24ca1-05eb-4e07-9f39-041b5fdb6077, root_0, 8.415356, 0.0, 9.891183, 11.62685, 0,  Root,  11, 0.9750159
V1_R024.rsml, a67447c8-809d-4b9e-9883-08b1828bff4b, lat_19, 0.58143586, 0.0, 10.318749, 11.20775, 1,  Lateral root,  18, 0.08184952
V1_R024.rsml, e2820928-16a1-4cae-b50a-a025f3af32e9, lat_18, 2.9386675, 0.0, 7.675033, 11.743266, 1,  Lateral root,  18, 0.3254189
V1_R024.rsml, c5b4c72e-d922-4703-8e88-005dff5b6d75, lat_16, 0.37116542, 0.0, 10.030883, 7.3575335, 1,  Lateral root,  11, 0.08846356
V1_R024.rsml, 21589a41-79f5-45fd-b263-a30ed3ef3d54, lat_15, 0.9862469, 0.0, 9.0424, 7.668683, 1,  Lateral root,  11, 0.19633996
V1_R024.rsml, a2bf16f7-ac36-4837-b25a-ae1d8414b3ed, lat_14, 1.4521796, 0.0, 8.78205, 7.7724, 1,  Lateral root,  11, 0.24136664
V1_R024.rsml, 281438ac-784c-4d3e-b4ae-707253f8a841, lat_13, 1.9505272, 0.0, 8.303683, 7.86765, 1,  Lateral root,  11, 0.3234873
V1_R024.rsml, 827bb7a9-974e-445b-99c3-70384ecdaffa, lat_12, 1.8451669, 0.0, 8.646584, 7.86765, 1,  Lateral root,  11, 0.30611536
V1_R024.rsml, 8760eded-a5f9-4cdc-8058-b36d91a5e63c, lat_11, 0.6407176, 0.0, 9.127067, 6.5404997, 1,  Lateral root,  11, 0.106456004
V1_R024.rsml, bc4c1902-0390-4469-bde3-3e2dac8337a7, lat_10, 0.70693684, 0.0, 9.065683, 6.390217, 1,  Lateral root,  11, 0.11672332
V1_R024.rsml, fc0015cc-8272-4c94-8771-1d9087af3c8b, lat_9, 0.58414364, 0.0, 9.1059, 6.1256332, 1,  Lateral root,  11, 0.09678033
V1_R024.rsml, 40723665-c09c-4007-9d93-95ea0bce571f, lat_8, 0.807131, 0.0, 8.913283, 5.88645, 1,  Lateral root,  11, 0.114594534
V1_R024.rsml, 0ba71f28-2285-4c5f-8cc7-4f91ce4a4343, lat_7, 0.205383, 0.0, 9.977966, 5.6091666, 1,  Lateral root,  7, 0.06582645
V1_R024.rsml, 0ba71f28-2285-4c5f-8cc7-4f91ce4a4343, lat_7, 1.0480832, 0.0, 9.984317, 6.3013167, 1,  Lateral root,  11, 0.21067505
V1_R024.rsml, 5d1f1beb-7a01-4401-85c9-f3ea6fbfb706, lat_6, 0.3265888, 0.0, 10.081683, 5.5901165, 1,  Lateral root,  7, 0.1060101
V1_R024.rsml, 5d1f1beb-7a01-4401-85c9-f3ea6fbfb706, lat_6, 1.296726, 0.0, 10.25525, 6.468533, 1,  Lateral root,  11, 0.2425343
V1_R024.rsml, ca298130-5568-42a7-9fb7-6a53813a80ab, lat_5, 0.5561689, 0.0, 9.262533, 5.3107166, 1,  Lateral root,  7, 0.18386954
V1_R024.rsml, ca298130-5568-42a7-9fb7-6a53813a80ab, lat_5, 1.5526252, 0.0, 8.722783, 6.0706, 1,  Lateral root,  11, 0.24911407
V1_R024.rsml, 5f77fccf-1f08-4901-9d6e-ed1819f572f5, lat_4, 0.5985402, 0.0, 9.241366, 5.1329165, 1,  Lateral root,  7, 0.14955632
V1_R024.rsml, 5f77fccf-1f08-4901-9d6e-ed1819f572f5, lat_4, 1.9407574, 0.0, 8.240183, 5.9838166, 1,  Lateral root,  11, 0.3355543
V1_R024.rsml, 5746d0ef-0e78-4f59-9dc6-3c54d4a3bdda, lat_3, 1.044847, 0.0, 8.84555, 4.6884165, 1,  Lateral root,  7, 0.25813293
V1_R024.rsml, feb48603-6490-49c9-a660-5d64bfb23783, lat_2, 0.82093287, 0.0, 9.108017, 4.135967, 1,  Lateral root,  7, 0.20122126
V1_R024.rsml, 8a605897-4414-41ef-a97b-b7cb95563ee8, lat_1, 0.8469094, 0.0, 9.129183, 4.093633, 1,  Lateral root,  7, 0.21065496
V2_R002.rsml, fa5c5c64-af13-42a1-9a2e-363fdba4f5ac, root_0, 1.6247725, 0.0, 9.6647, 2.8871334, 0,  Root,  3, 0.5404934
V2_R002.rsml, fa5c5c64-af13-42a1-9a2e-363fdba4f5ac, root_0, 14.217576, 0.0, 7.897283, 14.956367, 0,  Root,  7, 3.148201
V2_R002.rsml, fa5c5c64-af13-42a1-9a2e-363fdba4f5ac, root_0, 23.280067, 0.0, 7.3575335, 23.804033, 0,  Root,  11, 2.2656229
V2_R002.rsml, fa5c5c64-af13-42a1-9a2e-363fdba4f5ac, root_0, 26.607424, 0.0, 9.012767, 26.500666, 0,  Root,  14, 1.1091188
V2_R002.rsml, fa5c5c64-af13-42a1-9a2e-363fdba4f5ac, root_0, 30.232237, 0.0, 10.71245, 29.6799, 0,  Root,  18, 0.90620327
V2_R002.rsml, 70e86a01-a842-4d43-a06b-9c8fff0a62f1, lat_27, 1.5534487, 0.0, 7.5670834, 25.071917, 1,  Lateral root,  18, 0.19166543
V2_R002.rsml, 67a67b31-c497-4cad-abbe-b8f5f15d526e, lat_26, 1.1279776, 0.0, 7.1797333, 24.553333, 1,  Lateral root,  18, 0.14060727
V2_R002.rsml, d98f367a-0cc5-4bbb-acb2-6c1378235ece, lat_25, 0.875139, 0.0, 7.8993998, 20.157017, 1,  Lateral root,  14, 0.17409137
V2_R002.rsml, 9bf35967-fa7e-40d6-a48b-22a9ffa65bd4, lat_24, 2.650381, 0.0, 9.4064665, 20.665016, 1,  Lateral root,  14, 0.4400153
V2_R002.rsml, 9bf35967-fa7e-40d6-a48b-22a9ffa65bd4, lat_24, 5.510797, 0.0, 10.816167, 23.052616, 1,  Lateral root,  18, 0.715104
V2_R002.rsml, 7a1df9e6-12e7-4c94-8db4-6c7fa3a377d4, lat_23, 1.84097, 0.0, 6.36905, 16.8148, 1,  Lateral root,  14, 0.3066692
V2_R002.rsml, c5676eaf-6ffe-4414-bac0-771a7d66fda7, lat_22, 0.6163418, 0.0, 8.619066, 14.664267, 1,  Lateral root,  11, 0.15367925
V2_R002.rsml, 150979a4-04c9-47f8-ab15-b9b3742e7812, lat_21, 1.1976863, 0.0, 7.0612, 14.615583, 1,  Lateral root,  11, 0.23773071
V2_R002.rsml, 150979a4-04c9-47f8-ab15-b9b3742e7812, lat_21, 2.248898, 0.0, 6.50875, 15.4432, 1,  Lateral root,  14, 0.3504039
V2_R002.rsml, 371d5409-9953-4e16-b14f-4e79196bc427, lat_20, 0.78116995, 0.0, 8.828616, 13.953067, 1,  Lateral root,  11, 0.15422824
V2_R002.rsml, 7d1ae614-b80d-4ff4-8db9-e984e53bce8d, lat_19, 2.710217, 0.0, 5.68325, 13.48105, 1,  Lateral root,  11, 0.44984257
V2_R002.rsml, 7d1ae614-b80d-4ff4-8db9-e984e53bce8d, lat_19, 3.44729, 0.0, 5.281083, 14.0546665, 1,  Lateral root,  14, 0.24569099
V2_R002.rsml, 7d1ae614-b80d-4ff4-8db9-e984e53bce8d, lat_19, 5.790407, 0.0, 3.8586833, 15.745883, 1,  Lateral root,  18, 0.5857793
V2_R002.rsml, 88604e24-6f6d-4a7a-8e4e-77a910636f54, lat_18, 0.79702866, 0.0, 8.8095665, 10.638367, 1,  Lateral root,  11, 0.13149478
V2_R002.rsml, d1bd4761-6461-4dec-9676-d5ff5719ca68, lat_17, 2.2471917, 0.0, 6.0833, 10.786533, 1,  Lateral root,  11, 0.37108275
V2_R002.rsml, d1bd4761-6461-4dec-9676-d5ff5719ca68, lat_17, 4.400949, 0.0, 5.0567164, 12.562416, 1,  Lateral root,  14, 0.7179191
V2_R002.rsml, d1bd4761-6461-4dec-9676-d5ff5719ca68, lat_17, 4.745806, 0.0, 4.9805164, 12.898967, 1,  Lateral root,  18, 0.086214304
V2_R002.rsml, 291a80ba-3e48-4dca-924c-4354ccf13f96, lat_16, 0.9561819, 0.0, 7.1649165, 9.997017, 1,  Lateral root,  11, 0.18896466
V2_R002.rsml, b0d6e04c-2e54-4da4-9932-3416bc8f0121, lat_15, 1.2103932, 0.0, 6.9490166, 9.91235, 1,  Lateral root,  11, 0.20082706
V2_R002.rsml, b0dc93e1-e99a-460f-89f5-57b55de25bc1, lat_14, 2.2284849, 0.0, 6.11505, 10.2362, 1,  Lateral root,  11, 0.37087825
V2_R002.rsml, b0dc93e1-e99a-460f-89f5-57b55de25bc1, lat_14, 3.0541534, 0.0, 5.4102, 10.6595335, 1,  Lateral root,  14, 0.27522287
V2_R002.rsml, dc06f86d-6f76-4a43-82e7-026a603933bb, lat_13, 1.5364256, 0.0, 6.6759667, 9.364133, 1,  Lateral root,  11, 0.30390143
V2_R002.rsml, dc06f86d-6f76-4a43-82e7-026a603933bb, lat_13, 2.3744256, 0.0, 6.06425, 9.884833, 1,  Lateral root,  18, 0.1197143
V2_R002.rsml, f8b2b91d-f7c5-4d46-aee3-5b9eb5795af7, lat_12, 0.3288295, 0.0, 8.6614, 7.9502, 1,  Lateral root,  11, 0.064841114
V2_R002.rsml, 6f55f64f-6a6c-45cf-91af-5c821aa7f31e, lat_11, 0.49192268, 0.0, 8.957733, 7.8168497, 1,  Lateral root,  11, 0.0974158
V2_R002.rsml, 3c5990b5-cd19-4e26-ad7d-6c54def0b41c, lat_10, 0.76308954, 0.0, 7.99465, 7.6496334, 1,  Lateral root,  11, 0.1265639
V2_R002.rsml, ecdfe52c-756e-4b98-9f6e-9ee5ad8485b2, lat_9, 1.2355353, 0.0, 7.8634167, 7.6432834, 1,  Lateral root,  11, 0.204965
V2_R002.rsml, 022bc4f9-9ed1-4113-b918-fa901eb8c063, lat_8, 1.3551757, 0.0, 7.3257833, 6.2738, 1,  Lateral root,  11, 0.2235784
V2_R002.rsml, 794f53c6-5363-401a-b3ae-dd9af111a378, lat_5, 0.25490656, 0.0, 9.18845, 5.9287834, 1,  Lateral root,  11, 0.041975606
V2_R002.rsml, d9e4df89-c893-4ce5-bc37-059feb0fac97, lat_5, 0.65840006, 0.0, 8.36295, 5.6790166, 1,  Lateral root,  11, 0.107453175
V2_R002.rsml, 2ff9eff5-db63-41e3-8607-69cb235e5681, lat_4, 0.95814204, 0.0, 10.1219, 5.16255, 1,  Lateral root,  11, 0.13606945
V2_R002.rsml, 23c25aba-04bf-4336-b5f6-d2eee6c152b9, lat_4, 0.6336616, 0.0, 9.732433, 4.5804667, 1,  Lateral root,  11, 0.08977077
V2_R002.rsml, 15a061c6-0794-46de-bc66-a4c874aa95da, lat_3, 0.96726227, 0.0, 8.509, 3.9708667, 1,  Lateral root,  11, 0.13674268
V2_R002.rsml, cc456368-a7c7-4ec5-9b3f-f1c8937ec40a, lat_2, 0.95419395, 0.0, 8.600017, 3.6829998, 1,  Lateral root,  11, 0.13484532
V2_R002.rsml, fb37d3a3-9a8d-476b-8178-ce64f78aa254, lat_1, 0.5708058, 0.0, 10.657416, 2.1865165, 1,  Lateral root,  7, 0.09473749
V2_R002.rsml, fb37d3a3-9a8d-476b-8178-ce64f78aa254, lat_1, 3.3337545, 0.0, 12.708467, 3.87985, 1,  Lateral root,  11, 0.6907372
V2_R002.rsml, fb37d3a3-9a8d-476b-8178-ce64f78aa254, lat_1, 4.2242956, 0.0, 13.174133, 4.6355, 1,  Lateral root,  14, 0.29684702
V3_R004.rsml, 0380d309-921a-477f-837f-a6860dcb7c0c, root_0, 1.6563481, 0.0, 9.800166, 4.22275, 0,  Root,  3, 0.55152464
V3_R004.rsml, 0380d309-921a-477f-837f-a6860dcb7c0c, root_0, 13.135621, 0.0, 6.3965664, 14.9733, 0,  Root,  7, 2.8698182
V3_R004.rsml, 0380d309-921a-477f-837f-a6860dcb7c0c, root_0, 20.13491, 0.0, 5.9859333, 21.903267, 0,  Root,  11, 1.7498224
V3_R004.rsml, 0380d309-921a-477f-837f-a6860dcb7c0c, root_0, 24.293036, 0.0, 6.030383, 25.821217, 0,  Root,  14, 1.3860416
V3_R004.rsml, 0380d309-921a-477f-837f-a6860dcb7c0c, root_0, 25.1507, 0.0, 6.50875, 26.513367, 0,  Root,  18, 0.21441603
V3_R004.rsml, 62b6230a-753d-42bd-9f61-7790c566c31f, lat_20, 0.74751204, 0.0, 5.83565, 24.828499, 1,  Lateral root,  18, 0.18370233
V3_R004.rsml, 0ffd6813-c9a5-4535-93ab-4640e21fb139, lat_19, 1.0297086, 0.0, 5.6514997, 25.01265, 1,  Lateral root,  18, 0.25690287
V3_R004.rsml, b3618047-d3e2-4120-88da-e6f3693a208d, lat_18, 0.9814516, 0.0, 5.8377666, 23.905634, 1,  Lateral root,  18, 0.19459637
V3_R004.rsml, a3634066-859d-4fb8-96f4-713e102317d1, lat_17, 2.0408986, 0.0, 7.8104997, 23.15845, 1,  Lateral root,  18, 0.33848342
V3_R004.rsml, b2f24374-3ac4-460c-a191-bb113e969b20, lat_16, 0.41991246, 0.0, 6.6166997, 20.711582, 1,  Lateral root,  14, 0.103876755
V3_R004.rsml, d270a3ca-f908-433f-868a-a7cb48da7ab4, lat_15, 0.43398213, 0.0, 5.9266667, 17.782116, 1,  Lateral root,  14, 0.08485894
V3_R004.rsml, 41c789e5-d695-486c-aa66-7dd747c04244, lat_14, 2.7499685, 0.0, 9.0318165, 16.829617, 1,  Lateral root,  14, 0.4570607
V3_R004.rsml, 84ed407f-ab3b-4ab8-8a90-e6d87902d6a1, lat_13, 0.9012427, 0.0, 7.7872167, 12.31265, 1,  Lateral root,  11, 0.17805585
V3_R004.rsml, f9ed2c17-d77d-44f8-9c2b-808fc2257fc5, lat_12, 1.2909504, 0.0, 6.03885, 10.710333, 1,  Lateral root,  11, 0.21496542
V3_R004.rsml, cd9f362b-8270-4102-bb96-157d7a99ed01, lat_11, 0.60351443, 0.0, 8.130116, 10.3124, 1,  Lateral root,  11, 0.09843931
V3_R004.rsml, 9c4d10de-ba92-4823-a5ff-768099aba335, lat_10, 1.4171509, 0.0, 6.176433, 10.494433, 1,  Lateral root,  11, 0.2357262
V3_R004.rsml, 26cc3f49-f743-4fd6-a401-a10a57d4fed7, lat_9, 0.68850166, 0.0, 8.320617, 9.984317, 1,  Lateral root,  11, 0.11458845
V3_R004.rsml, 2ddf0d32-3bf9-457a-8b26-e06b32854996, lat_8, 1.5545622, 0.0, 6.1446834, 10.327216, 1,  Lateral root,  11, 0.25820833
V3_R004.rsml, 99f9adfc-928e-4985-adc3-d2b8e3b40f19, lat_7, 0.9957266, 0.0, 9.484783, 7.7194834, 1,  Lateral root,  11, 0.16445798
V3_R004.rsml, 2572aa2c-7a85-4f02-b905-8b83b96021cd, lat_6, 0.5336849, 0.0, 8.9789, 5.06095, 1,  Lateral root,  7, 0.17467041
V3_R004.rsml, 2572aa2c-7a85-4f02-b905-8b83b96021cd, lat_6, 2.1062505, 0.0, 7.7321835, 5.9499497, 1,  Lateral root,  11, 0.3931414
V3_R004.rsml, 11abca53-7399-4104-a5f3-6b2559fd9eb3, lat_4, 1.3167812, 0.0, 8.55345, 3.7062833, 1,  Lateral root,  7, 0.32748166
V3_R004.rsml, 11abca53-7399-4104-a5f3-6b2559fd9eb3, lat_4, 2.1432948, 0.0, 7.8316665, 4.0978665, 1,  Lateral root,  11, 0.20662841
V3_R004.rsml, 834d7f70-6731-4fea-a184-fa2fc38ea1ba, lat_3, 0.79575974, 0.0, 9.539817, 3.9094832, 1,  Lateral root,  7, 0.15779538
V3_R004.rsml, 6665693a-12b7-40e8-a30a-9d71535ef807, lat_2, 0.723857, 0.0, 10.511367, 3.6152666, 1,  Lateral root,  7, 0.14264366
V3_R004.rsml, 6665693a-12b7-40e8-a30a-9d71535ef807, lat_2, 1.1512569, 0.0, 10.672234, 3.9624, 1,  Lateral root,  11, 0.10684998
V3_R004.rsml, 6a711c3c-4ccf-4bc5-83e1-2dc66d986fb6, lat_1, 1.3434663, 0.0, 8.748183, 3.4311166, 1,  Lateral root,  7, 0.2232207
V3_R004.rsml, 6a711c3c-4ccf-4bc5-83e1-2dc66d986fb6, lat_1, 2.468923, 0.0, 7.8083835, 4.0364833, 1,  Lateral root,  11, 0.2813642
V3_R004.rsml, 9615eefa-849f-4c91-b978-912390e61bd3, lat_21, 0.5117176, 0.0, 7.6242332, 10.80135, 1,  Lateral root,  11, 0.08411676
